Kanton;Gemeindename;E;N
GE;Chancy;2487363.949;1111719.586
GE;Dardagny;2487819.906;1117857.067
GE;Avully;2488859.405;1113899.007
GE;Russin;2489879.761;1116455.71
GE;Cartigny;2490402.753;1113285.419
GE;Avusy;2490402.753;1113285.419
GE;Satigny;2491078.944;1119197.014
GE;Laconnex;2491442.771;1112909.591
GE;Aire-la-Ville;2492439.333;1116435.913
GE;Soral;2492811.987;1112386.102
GE;Bernex;2494034.19;1114693.896
GE;Vernier;2494441.279;1119626.079
GE;Meyrin;2494605.718;1121133.128
GE;Confignon;2494740.054;1114016.115
GE;Perly-Certoux;2495663.79;1112758.921
GE;Plan-les-Ouates;2496813.689;1114038.495
VD;Gingins;2497074.208;1142418.992
GE;Onex;2497443.851;1115522.469
GE;Bardonnex;2497969.087;1111775.371
GE;Lancy;2498255.022;1114845.282
GE;Collex-Bossy;2498473.73;1126210.079
VD;La Rippe;2498593.828;1140129.116
GE;Le Grand-Saconnex;2499236.075;1120786.234
VD;Saint-Cergue;2499491.498;1147230.149
GE;Troinex;2499700.729;1113737.23
VD;Chavannes-des-Bois;2499707.45;1130170.822
GE;Bellevue;2499726.634;1124018.858
VD;Arzier-Le Muids;2499797.468;1149669.692
GE;Carouge (GE);2499907.502;1115064.136
GE;Genève;2500072.338;1118419.85
VD;Chéserex;2500780.24;1140742.922
VD;Chavannes-de-Bogis;2501048.598;1132818.926
GE;Genthod;2501064.122;1124477.38
GE;Versoix;2501272.221;1128293.182
VD;Commugny;2501867.492;1131045.369
VD;Bogis-Bossey;2502004.924;1134501.133
VD;Mies;2502235.27;1128821.209
GE;Veyrier;2502267.759;1112764.949
VD;Crassier;2502290.589;1136846.405
VD;Tannay;2502445.906;1129634.048
GE;Chêne-Bougeries;2503140.706;1117091.045
VD;Borex;2503154.29;1137232.965
GE;Cologny;2503291.961;1119073.792
VD;Founex;2503682.743;1131554.954
VD;Coppet;2503778.676;1130690.718
GE;Chêne-Bourg;2504018.042;1116733.242
VD;Grens;2504064.42;1139071.303
VD;Arnex-sur-Nyon;2504124.651;1136488.121
VD;Givrins;2504365.946;1143174.072
VD;Trélex;2504402.046;1141556.322
GE;Céligny;2504439.312;1134131.604
GE;Vandoeuvres;2504723.011;1119524.736
VD;Crans (VD);2504863.494;1135425.816
VD;Bassins;2504898.213;1149248.283
VD;Signy-Avenex;2504954.932;1138732.653
GE;Collonge-Bellerive;2504993.991;1123557.32
GE;Thônex;2505002.003;1116716.126
VD;Eysins;2505125.077;1137197.772
VD;Genolier;2506474.376;1143283.641
GE;Corsier (GE);2506563.314;1124217.767
GE;Puplinge;2506686.236;1118348.353
GE;Choulex;2506763.062;1119888.682
VD;Nyon;2506787.059;1137565.313
GE;Anières;2507053.401;1125767.85
VD;Duillier;2507132.838;1140471.63
GE;Meinier;2507169.399;1121843.544
VD;Marchissy;2507378.03;1149840.388
VD;Le Vaud;2507486.59;1148340.25
VD;Coinsins;2507591.007;1142183.169
GE;Hermance;2507981.766;1127722.124
VD;Longirod;2508054.228;1151144.139
VD;Vich;2508623.676;1142768.541
VD;Begnins;2508864.026;1144636.125
VD;Prangins;2509066.242;1139607.785
GE;Presinge;2509263.272;1118973.324
VD;Saint-George;2509303.332;1152749.42
VD;Le Lieu;2509783.565;1167419.873
VD;Le Chenit;2509840.359;1160850.822
GE;Jussy;2510431.686;1122310.956
VD;Gland;2510546.079;1141010.483
VD;Luins;2510724.979;1143590.954
VD;Vinzel;2510888.565;1144748.703
VD;Burtigny;2510897.187;1146372.247
GE;Gy;2511105.399;1123120.052
VD;Bursins;2511651.28;1144798.6
VD;Gimel;2511758.648;1152873.976
VD;Dully;2512068.632;1142872.564
VD;Saint-Oyens;2512377.435;1149844.445
VD;Gilly;2512496.398;1146289.793
VD;Essertines-sur-Rolle;2512981.482;1148819.718
VD;Bursinel;2513251.601;1143982.935
VD;Bière;2513721.964;1155896.514
VD;Tartegnin;2513967.886;1146736.968
VD;Rolle;2514155.708;1147052.046
VD;Mont-sur-Rolle;2514412.583;1146477.252
VD;Saubraz;2514583.291;1152579.152
VD;L'Abbaye;2514702.248;1165546.637
VD;Berolle;2514999.761;1157989.71
VD;Bougy-Villars;2516523.462;1148818.68
VD;Montricher;2517163.744;1161876.598
VD;Mollens (VD);2517549.22;1158860.949
VD;Vaulion;2518010.821;1168461.129
VD;Féchy;2518235.694;1147783.033
VD;Perroy;2518448.796;1146828.674
VD;Vallorbe;2518632.228;1173531.932
VD;Ballens;2518666.892;1156370.731
VD;Saint-Livres;2518872.633;1152210.342
VD;Aubonne;2519278.698;1148950.527
VD;Allaman;2519688.754;1147062.101
VD;Mont-la-Ville;2519765.33;1167448.034
VD;L'Isle;2520520.127;1164020.755
VD;Yens;2520734.543;1153184.003
VD;Buchillon;2520933.442;1146668.837
VD;Lavigny;2520951.366;1150486.495
VD;Ballaigues;2521415.128;1176513.141
VD;Mauraz;2521698.41;1161792.211
VD;Etoy;2521904.372;1148495.551
VD;La Praz;2522400.794;1169121.388
VD;Villars-sous-Yens;2522507.611;1151139.84
VD;Cuarnens;2523044.107;1164996.26
VD;Juriens;2523772.412;1170244.726
VD;Saint-Prex;2523884.009;1148688.201
VD;Lussy-sur-Morges;2523984.018;1150490.596
VD;Premier;2524002.875;1173914.741
VD;Clarmont;2524144.797;1155747.896
VD;Lignerolle;2524248.829;1179813.088
VD;Denens;2524350.31;1152299.081
VD;Hautemorges;2524459.256;1158331.598
VD;Moiry;2524559.282;1167345.72
VD;Chavannes-le-Veyron;2524916.69;1162433.044
VD;Grancy;2525036.362;1160758.999
VD;Lully (VD);2525212.351;1150929.489
VD;Vaux-sur-Morges;2525220.587;1154506.956
VD;Les Clées;2525560.715;1175737.208
VD;La Chaux (Cossonay);2525584.052;1163728.05
VD;Vufflens-le-Château;2525709.01;1152932.575
VD;Chevilly;2525731.114;1165247.253
VD;Bretonnières;2525903.368;1174092.272
VD;Tolochenaz;2526211.773;1150597.021
VD;Chigny;2526244.989;1152036.759
VD;Vullierens;2526410.587;1158739.25
NE;Les Verrières;2526459.466;1196599.792
VD;Ferreyres;2526698.035;1168085.353
VD;Senarclens;2526743.541;1161266.113
VD;L'Abergement;2526890.869;1178577.991
VD;Croy;2527070.411;1170926.38
NE;La Côte-aux-Fées;2527485.852;1190789.89
VD;Echichens;2527540.101;1153635.274
VD;Morges;2527581.683;1151797.255
VD;Bofflens;2527833.749;1172905.092
VD;Dizy;2527850.129;1165195.878
VD;Cossonay;2528224.637;1163208.142
VD;Sergey;2528338.407;1178265.047
VD;Sainte-Croix;2528467.66;1186887.075
VD;Baulmes;2528599.126;1182232.02
VD;La Sarraz;2528668.649;1166948.887
VD;Romanel-sur-Morges;2528719.561;1156450.906
VD;Aclens;2528740.664;1157918.467
VD;Gollion;2528828.617;1159915.692
VD;Agiez;2528896.449;1174303.651
VD;Montcherand;2529106.531;1176351.778
VD;Rances;2529437.448;1179735.222
VD;Lonay;2529443.444;1153628.322
VD;Bremblens;2529592.902;1155845.363
VD;Arnex-sur-Orbe;2529608.237;1171901.629
VD;Pompaples;2529876.338;1170082.65
VD;Lussery-Villars;2530065.487;1164974.85
VD;Préverenges;2530187.353;1152219.651
VD;Penthalaz;2530510.884;1162919.512
VD;Orny;2530752.897;1169330.916
VD;Echandens;2530844.93;1154841.002
VD;Vufflens-la-Ville;2530896.906;1158606.892
VD;Denges;2530995.326;1152695.37
VD;Eclépens;2531185.864;1167155.368
VD;Penthaz;2531186.492;1161298.778
VD;Valeyres-sous-Rances;2531192.671;1177852.592
VD;Orbe;2531550.42;1174999.98
VD;Bussigny;2531648.941;1156262.36
VD;Bavois;2531978.444;1168497.096
VD;Vuiteboeuf;2532187.524;1184947.386
VD;Ecublens (VD);2532595.64;1153498.509
VD;Mex (VD);2532762.695;1158544.679
VD;Daillens;2532844.944;1163427.459
VD;Villars-Sainte-Croix;2532883.923;1157517.241
VD;Bournens;2533025.028;1162344.417
VD;Bullet;2533043.915;1188998.433
VD;Chavornay;2533103.482;1172997.042
VD;Sullens;2533207.01;1160372.401
VD;Mathod;2533463.758;1179362.956
VD;Oulens-sous-Echallens;2533648.442;1166688.281
VD;Champvent;2533749.529;1183165.297
VD;Bettens;2533781.243;1163947.157
VD;Chavannes-près-Renens;2533948.04;1153650.357
VD;Crissier;2533965.759;1156364.41
VD;Vugelles-La Mothe;2534182.487;1186399.984
VD;Saint-Sulpice (VD);2534258.036;1152326.683
VD;Orges;2534521.901;1184952.728
VD;Boussens;2534597.401;1161652.396
VD;Renens (VD);2534863.381;1154258.261
VD;Mauborget;2534960.134;1191587.882
VD;Suscévaz;2534962.91;1179393.231
VD;Jouxtens-Mézery;2535345.038;1156097.506
VD;Cheseaux-sur-Lausanne;2535410.853;1159377.673
VD;Novalles;2535467.787;1187192.685
VD;Chamblon;2535691.607;1180944.938
VD;Saint-Barthélemy (VD);2535944.331;1165188.209
VD;Prilly;2535977.633;1154306.959
VD;Valeyres-sous-Montagny;2536107.931;1183634.355
VD;Ependes (VD);2536107.959;1177558.772
VD;Suchy;2536187.153;1174752.7
VD;Penthéréaz;2536247.981;1170528.488
NE;La Brévine;2536406.869;1202709.938
VD;Grandevent;2536460.151;1188227.436
VD;Treycovagnes;2536468.737;1180305.072
VD;Romanel-sur-Lausanne;2536570.964;1158065.883
VD;Etagnières;2536575.661;1161412.28
VD;Montagny-près-Yverdon;2536753.972;1182366.702
VD;Giez;2536766.409;1185074.129
VD;Fontaines-sur-Grandson;2537311.541;1187221.044
VD;Belmont-sur-Yverdon;2537794.112;1176611.997
VD;Assens;2537813.569;1163070.919
VD;Morrens (VD);2537847.718;1160371.88
VD;Lausanne;2537956.365;1152398.708
VD;Fiez;2538133.921;1186649.384
VD;Echallens;2538478.57;1165500.088
VD;Le Mont-sur-Lausanne;2538660.873;1156581.561
VD;Grandson;2538998.208;1184823.443
VD;Cugy (VD);2539016.933;1159148.829
VD;Villars-le-Terroir;2539170.77;1167748.553
VD;Yverdon-les-Bains;2539180.581;1180801.624
VD;Essertines-sur-Yverdon;2539198.298;1174326.691
VD;Bretigny-sur-Morrens;2539311.82;1161124.031
VD;Vuarrens;2539420.518;1170765.149
VD;Pully;2539990.437;1151520.455
VD;Valeyres-sous-Ursins;2540037.759;1177383.988
VD;Champagne;2540107.663;1187474.759
VD;Bottens;2540706.08;1162957.521
VD;Epalinges;2540799.256;1156005.813
NE;Le Cerneux-Péquignot;2541107.549;1207604.492
VD;Pomy;2541207.305;1178890.843
VD;Ursins;2541223.166;1176220.561
VD;Paudex;2541258.991;1151071.968
VD;Lutry;2541428.44;1151088.559
VD;Bonvillars;2541511.159;1188231.486
VD;Pailly;2541565.593;1172268.572
VD;Fey;2541972.296;1169459.296
VD;Orzens;2542333.409;1175634.223
VD;Poliez-Pittet;2542569.614;1163993.112
VD;Belmont-sur-Lausanne;2542613.932;1153323.897
VD;Cheseaux-Noréaz;2542674.765;1182315.401
VD;Onnens (VD);2542705.159;1188384.212
VD;Froideville;2542750.876;1160877.719
VD;Cuarny;2542904.076;1180236.151
VD;Rueyres;2542969.517;1172000.548
VD;Oppens;2543112.451;1174157.186
VD;Montilliez;2543159.825;1166056.026
VD;Villars-Epeney;2543412.65;1181535.124
NE;La Chaux-du-Milieu;2543475.342;1207485.746
VD;Cronay;2543626.594;1178470.161
VD;Corcelles-près-Concise;2543645.023;1189134.631
VD;Bercher;2543941.444;1171229.931
VD;Provence;2543946.04;1193990.605
VD;Jorat-Menthue;2544516.197;1166303.84
VD;Bioley-Magnoux;2544665.285;1175399.168
VD;Montanaire;2544884.381;1171890.901
VD;Boulens;2544947.172;1170365.557
VD;Donneloye;2545071.714;1177597.238
NE;Les Ponts-de-Martel;2545231.13;1204494.954
VD;Savigny;2545329.309;1154353.646
NE;Val-de-Travers;2545379.762;1199687.946
VD;Ogens;2545387.997;1173275.193
VD;Concise;2545659.36;1190688.88
VD;Mutrux;2545679.837;1192438.86
VD;Corcelles-le-Jorat;2545728.213;1161085.72
VD;Yvonand;2545972.75;1182253.71
VD;Montpreveyres;2546322.451;1159218.476
VD;Molondin;2547295.365;1179533.066
VD;Ropraz;2547331.87;1162290.681
VD;Bourg-en-Lavaux;2547477.745;1150647.993
NE;Le Locle;2547522.159;1211238.49
VD;Hermenches;2547682.364;1165631.25
VD;Démoret;2548044.989;1177739.469
VD;Forel (Lavaux);2548216.86;1154848.207
VD;Rovray;2548727.198;1182030.52
NE;Brot-Plamboz;2549000.434;1204654.761
VD;Chêne-Pâquier;2549001.19;1179591.028
NE;Les Planchettes;2549139.272;1217590.677
VD;Vucherens;2549143.561;1164265.199
VD;Rossenges;2549179.342;1167271.711
VD;Rivaz;2549211.409;1147274.121
VD;Chexbres;2549322.328;1148295.743
VD;Syens;2549380.008;1165890.669
VD;Servion;2549484.373;1158340.743
VD;Chavannes-le-Chêne;2549719.668;1181206.508
VD;Puidoux;2550053.55;1151422.033
VD;Oron;2550086.186;1156943.534
VD;Champtauroz;2550102.24;1178834.488
VD;Saint-Saphorin (Lavaux);2550378.933;1147786.824
VD;Villars-le-Comte;2551265.004;1173736.563
VD;Vulliens;2551433.75;1166077.534
FR;Prévondavaux;2551440.193;1175802.045
VD;Treytorrens (Payerne);2551510.034;1180645.109
NE;Rochefort;2551720.016;1205032.203
NE;Val-de-Ruz;2551744.225;1207137.466
VD;Bussy-sur-Moudon;2551989.253;1171310.219
VD;Chavannes-sur-Moudon;2552153.961;1167663.203
VD;Chardonne;2552402.642;1147624.078
NE;Boudry;2552727.383;1200535.829
FR;Rue;2552902.03;1163606.644
VD;Moudon;2552925.344;1168938.634
FR;Granges (Veveyse);2552972.87;1152825.628
VD;Corseaux;2553009.902;1146775.2
FR;Châtillon (FR);2553653.197;1186735.464
NE;La Chaux-de-Fonds;2553748.075;1218368.342
FR;Ursy;2553881.276;1165009.336
VD;Lucens;2553960.741;1173213.183
FR;Nuvilly;2554026.755;1181850.319
VS;Saint-Gingolph;2554089.662;1136720.427
NE;Cortaillod;2554228.126;1199828.148
VD;Valbroye;2554312.481;1180849.572
VD;Jongny;2554341.235;1147444.785
VS;Champéry;2554458.986;1112193.261
FR;Bossonnens;2554616.372;1153270.785
VD;Vevey;2554622.584;1146054.999
VD;Corsier-sur-Vevey;2554876.079;1147551.539
VD;Curtilles;2554932.784;1172058.784
FR;Attalens;2555016.08;1150857.853
FR;Lully (FR);2555019.555;1186654.53
FR;Surpierre;2555441.002;1177661.37
VS;Port-Valais;2555558.106;1136631.781
FR;Estavayer;2555773.329;1188901.912
VD;La Tour-de-Peilz;2556123.068;1145016.078
FR;Les Montets;2556219.359;1185163.666
VD;Lovatens;2556269.427;1171635.626
FR;Le Flon;2556687.042;1161404.109
FR;Sévaz;2556716.558;1187727.309
VD;Maracon;2556786.924;1156240.897
FR;Siviriez;2557118.922;1167998.969
FR;Remaufens;2557257.586;1153594.094
VD;Dompierre (VD);2557396.727;1173571.59
VD;Prévonloup;2557483.089;1171945.487
FR;Saint-Martin (FR);2557602.065;1158207.592
VD;Henniez;2557840.045;1176927.302
VD;Noville;2558047.09;1136590.174
FR;Ménières;2558105.14;1181740.823
VS;Val-d'Illiez;2558235.591;1115947.938
VD;Chessel;2558243.154;1133389.761
FR;Cugy (FR);2558467.894;1184390.753
NE;Neuchâtel;2558516.804;1203525.203
NE;Milvignes;2558516.804;1203525.203
FR;Billens-Hennens;2558562.137;1171207.377
VS;Vouvry;2558564.534;1131869.422
VS;Vionnaz;2558597.101;1128688.892
JU;Les Bois;2559033.002;1225369.098
VD;Villarzel;2559446.323;1176914.548
BE;Renan (BE);2559489.823;1217508.761
VD;Montreux;2559544.933;1142768.954
VD;Chevroux;2559785.387;1193391.981
BE;La Ferrière;2559871.44;1221223.543
VD;Rennaz;2559916.81;1136190.228
FR;Fétigny;2559922.096;1182622.052
VS;Troistorrents;2560209.435;1122867.207
FR;La Verrerie;2560222.7;1159693.011
VD;Yvorne;2560477.614;1132425.449
VD;Roche (VD);2560487.453;1134343.915
VD;Trey;2560651.887;1180286.427
FR;Mézières (FR);2560898.781;1170032.756
VD;Grandcour;2561094.308;1191537.816
FR;Vuisternens-devant-Romont;2561262.794;1166758.396
VD;Payerne;2561297.978;1186173.96
FR;Romont (FR);2561491.5;1171268.414
JU;Grandfontaine;2561722.129;1249240.366
FR;Gletterens;2561748.386;1194465.049
FR;Villaz;2561859.939;1172928.54
FR;Châtel-Saint-Denis;2562015.844;1153732.614
VS;Monthey;2562050.393;1123421.144
VS;Collombey-Muraz;2562147.669;1125255.981
VS;Finhaut;2562192.439;1102400.404
JU;Le Noirmont;2562553.849;1229517.068
FR;Châtonnaye;2562573.288;1177768.678
FR;Le Châtelard;2562766.798;1100960.874
FR;Semsales;2562864.869;1158294.692
VS;Evionnaz;2562925.252;1111402.348
VD;Veytaux;2563043.373;1141936.284
FR;Vallon;2563060.508;1192933.184
FR;Vaulruz;2563160.923;1161721.059
BE;Sonvilier;2563434.13;1220155.335
JU;Fahy;2563765.223;1252210.543
VD;Aigle;2563821.02;1129273.277
VD;Corcelles-près-Payerne;2563900.571;1186342.582
FR;Montagny (FR);2563900.571;1186342.582
FR;Torny;2564026.606;1179898.922
VD;Villeneuve (VD);2564084.791;1139561.966
VD;Ollon;2564215.272;1127964.552
FR;Delley-Portalban;2564305.533;1195856.007
FR;Villorsonnens;2564440.014;1174838.298
VD;Missy;2564543.316;1191932.169
FR;Grangettes;2564725.788;1168959.268
FR;Massonnens;2564727.345;1172052.085
FR;Saint-Aubin (FR);2564902.667;1193488.202
VS;Massongex;2565019.714;1120863.286
VD;Corbeyrier;2565240.561;1135568.27
VS;Vérossaz;2565290.157;1119298.716
JU;Muriaux;2565652.346;1232717.253
VS;Trient;2565780.366;1098215.153
FR;Belmont-Broye;2565964.304;1189651.525
FR;Chénens;2566207.211;1176914.763
VS;Martigny-Combe;2566449.4;1104732.833
VD;Vully-les-Lacs;2566553.921;1194912.99
JU;Bure;2566585.733;1254456.235
VS;Salvan;2566595.378;1109074.969
JU;Haute-Ajoie;2566632.017;1249106.838
FR;La Brillaz;2566691.75;1178958.581
VD;Leysin;2566911.342;1133415.264
FR;Bulle;2566968.287;1160728.999
NE;Cornaux;2567009.291;1208616.176
JU;Les Breuleux;2567154.128;1226592.774
VS;Saint-Maurice;2567188.407;1115987.485
VD;Bex;2567230.358;1121779.532
FR;Prez;2567308.393;1181549.155
JU;Boncourt;2567692.224;1259827.31
BE;Saint-Imier;2567806;1211724
FR;Haut-Intyamon;2568230.381;1150644.14
JU;Basse-Allaine;2568321.051;1256670.932
FR;Gibloux;2568692.093;1172805.732
FR;Vuadens;2568692.587;1164573.87
VD;Lavey-Morcles;2568739.992;1118904.359
JU;Saignelégier;2568904.533;1232852.985
VD;Avenches;2568971.469;1191419.776
FR;Autigny;2569022.169;1176699.348
JU;Courtedoux;2569075.072;1251298.547
FR;Cottens (FR);2569135.127;1178249.503
VD;Cudrefin;2569165.061;1200556.438
NE;Cressier (NE);2569267.198;1210963.589
JU;Les Enfers;2569357.594;1236710.143
JU;Le Bémont (JU);2569361.359;1234601.521
FR;Marsens;2569453.763;1167360.617
FR;Riaz;2569624.715;1165715.567
FR;Bas-Intyamon;2569752.553;1156315.991
FR;Avry;2569768.221;1181825.306
FR;Sorens;2569775.292;1169156.406
VS;Vernayaz;2569813.974;1108711.74
BE;Cormoret;2570242.421;1224204.196
JU;Courchavon;2570293.388;1254215.656
BE;Villeret;2570329.077;1222724.775
JU;Soubey;2570407.732;1240074.666
VD;Ormont-Dessous;2570433.864;1139757.044
VS;Collonges;2570530.941;1114332.671
BE;Gals;2570585.81;1208996.314
JU;Porrentruy;2570598.302;1251048.538
VS;Dorénaz;2570784.803;1110833.042
VD;Rossinière;2571107.19;1146213.285
BE;Gampelen;2571159.915;1205094.434
BE;Nods;2571206.123;1219028.431
FR;Neyruz (FR);2571242.013;1179512.26
JU;Montfaucon;2571536.076;1232901.945
FR;Grolley-Ponthaux;2571579.744;1187117.408
NE;Le Landeron;2571770.969;1210360.843
FR;Misery-Courtion;2571819.916;1188981.999
VD;Faoug;2572125.117;1194772.185
FR;Pont-en-Ogoz;2572179.586;1169626.988
VS;Bovernier;2572242.422;1101028.995
BE;Courtelary;2572257.43;1226167.252
JU;Fontenais;2572803.447;1249792.867
FR;Gruyères;2572867.051;1158797.53
FR;Morlon;2573070.949;1163919.709
VS;Val de Bagnes;2573289.66;1104223.226
FR;Matran;2573315.4;1182473.99
FR;Echarlens;2573360.227;1167911.372
NE;Lignières;2573447.462;1214396.407
FR;Greng;2573586.337;1196020.281
BE;Ins;2573601.94;1207901.048
BE;Erlach;2573687.092;1209636.892
BE;Tschugg;2573689.128;1209062.347
VS;Martigny;2573762.057;1106150.689
BE;Mont-Tramelan;2573887.043;1228108.851
FR;Belfaux;2573935.904;1186012.686
FR;Corminboeuf;2574033.898;1183720.799
BE;Laupen;2574084.507;1196030.343
JU;Coeuve;2574104.556;1255606.109
JU;Damphreux-Lugnez;2574426.716;1258264.641
FR;La Sonnaz;2574489.663;1187265.204
FR;Grandvillard;2574592.049;1152499.35
BE;La Neuveville;2574607.205;1213931.757
FR;Courgevaux;2574622.513;1194704.182
FR;Mont-Vully;2574767.955;1202064.534
FR;Murten;2574769.688;1196192.847
FR;Meyriez;2574793.156;1196970.161
FR;Hauterive (FR);2574913.264;1180107.947
BE;Cortébert;2574961.946;1226577.738
FR;Pont-la-Ville;2575099.148;1172283.858
VS;Fully;2575169.725;1111560.708
FR;Botterens;2575188.247;1162962.608
VD;Ormont-Dessus;2575282.469;1134116.326
FR;Châtel-sur-Montsalvens;2575363.645;1162157.701
FR;Corbières;2575628.473;1167286.322
BE;Vinelz;2575758.239;1209088.658
BE;Plateau de Diesse;2575767.443;1216247.663
FR;Villars-sur-Glâne;2575900.471;1182824.723
FR;Broc;2575975.181;1160959.44
JU;Les Genevez (JU);2575975.827;1233824.067
JU;Saint-Brais;2576055.515;1239485.907
FR;Courtepin;2576084.174;1190016.407
FR;Givisiez;2576103.266;1184744.509
BE;Münchenwiler;2576140.943;1195457.281
FR;Treyvaux;2576252.001;1173781.729
FR;Hauteville;2576307.767;1168713.001
JU;Courgenay;2576392.638;1249490.188
VD;Gryon;2576398.397;1126123.468
JU;Alle;2576436.612;1253031.124
BE;Ligerz;2576617.894;1214747.662
JU;Lajoux (JU);2576726.118;1236426.252
FR;Muntelier;2576967.491;1199037.749
JU;Basse-Vendline;2577185.995;1260157.998
FR;Cressier (FR);2577239.435;1193966.16
FR;Crésuz;2577284.108;1163461.772
FR;Bois-d'Amont;2577318.669;1176776.627
BE;Müntschemier;2577646.517;1204990.007
JU;Vendlincourt;2577684.852;1255794.079
FR;Marly;2577754.279;1180666.771
VS;Saxon;2577788.574;1108927.97
BE;Corgémont;2577798.208;1227005.405
VD;Château-d'Oex;2577853.859;1147103.19
BE;Brüttelen;2577998.766;1207852.271
JU;Clos du Doubs;2578049.096;1245839.311
BE;Tramelan;2578153.712;1231817.237
FR;Granges-Paccot;2578232.063;1185700.756
FR;Ferpicloz;2578878.438;1177480.697
VS;Orsières;2578897.686;1097514.995
BE;Lüscherz;2579064.652;1210449.4
JU;Cornol;2579077.836;1250543.78
FR;Fribourg;2579108.568;1183709.652
FR;La Roche;2579326.897;1171247.351
VS;Sembrancher;2579345.587;1102106.931
JU;Saulcy;2579359.104;1239267.529
VS;Saillon;2579745.003;1113124.612
FR;Gurmels;2579798.259;1193091.232
FR;Villarsel-sur-Marly;2579817.904;1179037.379
FR;Ried bei Kerzers;2579911.221;1201354.291
BE;Finsterhennen;2580099.863;1207993.946
BE;Treiten;2580111.161;1205531.064
VD;Rougemont;2580115.427;1147183.777
BE;Hagneck;2580179.063;1211978.985
FR;Pierrafortscha;2580310.447;1180678.331
FR;Le Mouret;2580377.636;1177666.912
BE;Sonceboz-Sombeval;2580518.64;1226391.59
BE;Tavannes;2580591.73;1231810.789
FR;Düdingen;2580977.549;1188180.901
BE;Rebévelier;2580996.06;1237645.642
FR;Tentlingen;2581280.041;1178014.564
BE;Petit-Val;2581292.735;1234101.183
BE;Täuffelen;2581304.053;1212221.58
FR;Kerzers;2581580.965;1201278.386
FR;Val-de-Charmey;2581762.133;1163592.542
FR;Ulmiz;2581777.861;1197669.637
BE;Siselen;2581822;1208651
FR;Kleinbösingen;2582096.41;1193654.421
VS;Leytron;2582127.987;1115080.994
BE;Saicourt;2582159.233;1233104.502
FR;Fräschels;2582453.171;1205248.535
BE;Kriechenwil;2582664.328;1195869.669
BE;Orvin;2582812.924;1222816.387
BE;Mörigen;2582834.959;1214874.394
VS;Liddes;2582968.995;1092958.218
VS;Bourg-Saint-Pierre;2582974.714;1086513.036
BE;Ferenbalm;2582975.096;1200586.429
VS;Chamoson;2583091.699;1116592.742
BE;Gurbrü;2583121.022;1201776.832
FR;St. Silvester;2583172.974;1175069.669
BE;Sutz-Lattrigen;2583254.86;1216418.994
BE;Epsach;2583516.306;1213324.103
JU;Boécourt;2583525.387;1245250.452
BE;Gsteig;2583601.457;1138529.488
BE;Saules (BE);2583667.502;1233526.864
BE;Reconvilier;2583700.154;1228407.706
BE;Walperswil;2583846.243;1211351.529
VS;Riddes;2583911.211;1114124.201
FR;St. Ursen;2583960.773;1182046.625
FR;Giffers;2584005.039;1178073.029
BE;Kallnach;2584146.089;1209260.099
BE;Wileroltigen;2584405.823;1200838.992
FR;Bösingen;2584437.252;1192894.379
BE;Evilard;2584531.019;1222192.503
VS;Ardon;2584579.589;1120453.715
FR;Plasselb;2584714.202;1173467.119
FR;Schmitten (FR);2584819.582;1190749.118
BE;Ipsach;2584823.29;1217768.278
BE;Loveresse;2584933.611;1232509.721
JU;La Baroche;2584945.71;1252286.733
BE;Hermrigen;2584950.69;1214498.475
BE;Nidau;2584978.703;1219222.437
BE;Péry-La Heutte;2584991;1226991
FR;Rechthalten;2585189.238;1179378.594
BE;Biel/Bienne;2585367.237;1221241.193
FR;Tafers;2585456.617;1186279.649
BE;Port;2585467.333;1217929.634
BE;Bellmund;2585498.694;1216834.761
JU;Haute-Sorne;2585546.732;1237615.87
BE;Saanen;2585679.703;1147409.776
BE;Bargen (BE);2585690.065;1209373.423
JU;Bourrignon;2585888.614;1249269.224
BE;Merzligen;2586178.434;1214991.422
VS;Vétroz;2586272.454;1119011.249
BE;Valbirse;2586321.014;1232856.771
VS;Isérables;2586419.275;1110796.041
BE;Mühleberg;2586718.69;1201330.378
BE;Jens;2587106.342;1216193.352
BE;Radelfingen;2587293;1205453
BE;Kappelen;2587458.628;1211728.048
FR;Brünisried;2587730.112;1178285.599
JU;Pleigne;2587803.027;1251500.976
FR;Ueberstorf;2588088.049;1189272.744
BE;Aarberg;2588188.428;1210368.554
BE;Aegerten;2588205.521;1218528.875
FR;Jaun;2588213.918;1161747.418
FR;Plaffeien;2588327.105;1174956.122
JU;Develier;2588468.57;1245833.351
BE;Orpund;2588790.778;1220513.654
BE;Sauge;2588938;1225597
BE;Seedorf (BE);2589156.348;1209797.77
BE;Neuenegg;2589223.039;1195150.051
BE;Worben;2589402.929;1215861.006
VS;Conthey;2589471.103;1118499.654
FR;Heitenried;2589477.219;1185776.198
BE;Lyss;2590027.931;1211507.01
BE;Sorvilier;2590189.385;1231341.102
BE;Schwadernau;2590215.768;1219261.396
BE;Champoz;2590296.661;1234250.075
VS;Savièse;2590306.709;1128044.931
BE;Studen (BE);2590663.433;1217628.852
JU;Courtételle;2590797.09;1242330.906
BE;Safnern;2590938.557;1222542.369
BE;Guggisberg;2590939.207;1178743.196
BE;Perrefitte;2591159.321;1236403.99
JU;Ederswiler;2591219.037;1252850.723
BE;Romont (BE);2591566.365;1226797.351
BE;Pieterlen;2591602.684;1224980.395
BE;Scheuren;2591742.384;1220053.505
JU;Movelier;2591872.309;1251087.754
BE;Frauenkappelen;2591896.43;1200367.203
JU;Mettembert;2591954.831;1249098.974
BE;Büetigen;2592071.771;1217240.293
BE;Bäriswil;2592102.472;1204585.097
VS;Veysonnaz;2592252.144;1115417.95
VS;Nendaz;2592252.144;1115417.95
BE;Lauenen;2592580.551;1138019.622
BE;Meienried;2592596.093;1220679.465
JU;Rossemaison;2592804.57;1243667.363
BE;Schwarzenburg;2592878.575;1182755.775
LU;Schwarzenberg;2592878.575;1182755.775
JU;Châtillon (JU);2592886.247;1241235.33
BE;Dotzigen;2593195.103;1219773.748
BE;Wohlen bei Bern;2593450.126;1202687.228
BE;Meinisberg;2593563.458;1223431.968
JU;Delémont;2594168.509;1244550.026
BE;Court;2594267.224;1231799.773
BE;Diessbach bei Büren;2594408.425;1217343.987
VS;Sion;2594412.868;1122031.806
BE;Lengnau (BE);2594420.684;1225746.866
BE;Grossaffoltern;2594518.094;1213067.209
BE;Büren an der Aare;2594749.795;1220389.977
BE;Moutier;2594880.207;1236220.142
BE;Meikirch;2594954.938;1206470.035
BE;Schüpfen;2595347.827;1209383.727
JU;Courrendlin;2595509.707;1242444.221
BL;Roggenburg;2595556.58;1252317.135
JU;Courroux;2595664.891;1246152.302
VS;Grimisuat;2595727.271;1122970.78
BE;Roches (BE);2595926.382;1239199.906
SO;Grenchen;2596021.521;1228020.124
BE;Zweisimmen;2596047.122;1160368.109
JU;Soyhières;2596360.866;1248371.391
SO;Schnottwil;2596381.637;1217256.257
VS;Hérémence;2596510.782;1108654.451
BE;St. Stephan;2596534.587;1148901.992
BE;Wengi;2596642;1241237
VS;Arbaz;2596684.329;1126233.611
VS;Vex;2596791.77;1117234.863
BE;Belprahon;2597483.341;1237699.279
BE;Oberbalm;2597861.925;1190422.29
BE;Eschert;2597994.975;1235031.35
BE;Rüti bei Büren;2598049.834;1222334.431
BE;Rapperswil (BE);2598079.647;1212830.385
BE;Oberwil bei Büren;2598090.548;1220135.872
VS;Saint-Léonard;2598179.092;1123463.491
VS;Ayent;2598179.092;1123463.491
BE;Kirchlindach;2598207.048;1205417.496
SO;Kleinlützel;2598481.685;1253092.479
SO;Bettlach;2598558.662;1228686.764
BE;Boltigen;2598638.591;1165040.981
BE;Lenk;2598665.902;1148080.96
BE;Oberwil im Simmental;2598667.313;1168491.617
SO;Biezwil;2598680.295;1217723.408
JU;Val Terbi;2599052.593;1244373.715
BE;Münchenbuchsee;2599074.466;1208968.333
BE;Grandval;2599230.105;1236902.158
BE;Arch;2599543.352;1224282.843
BE;Köniz;2599689.74;1195748.012
SO;Messen;2599754.244;1216077.438
BE;Bremgarten bei Bern;2599803.919;1202895.428
BE;Rüeggisberg;2599963.059;1185898.295
VS;Mont-Noble;2599985.562;1117723.818
BL;Burg im Leimental;2600059.149;1255760.893
BL;Liesberg;2600375.582;1250030.078
VS;Saint-Martin (VS);2600384.161;1113210.889
SO;Rodersdorf;2600456.007;1259293.578
SO;Selzach;2600639.113;1229653.835
VS;Lens;2600656.768;1126387.203
BE;Bern;2601017.917;1203268.994
JU;Courchapoix;2601052.702;1244506.84
BE;Deisswil bei Münchenbuchsee;2601096.749;1209737.277
BE;Zollikofen;2601116.76;1205068.372
BE;Crémines;2601221.513;1235805.119
VS;Icogne;2601371.434;1132703.394
BE;Niedermuhlern;2601413.94;1189859.627
BL;Röschenz;2601723.315;1253467.713
BE;Wald (BE);2601873.84;1192065.705
BE;Riggisberg;2602069.661;1183969.836
SO;Bärschwil;2602118.865;1248359.217
BE;Leuzigen;2602310.836;1224455.025
BE;Wiggiswil;2602323.537;1208850.3
SO;Lommiswil;2602362.575;1230894.869
BE;Zuzwil (BE);2602370.856;1210956.757
BE;Corcelles (BE);2602542.267;1237713.381
BE;Ittigen;2602547.344;1201920.289
BE;Iffwil;2603081.592;1212818.807
BE;Ostermundigen;2603109.371;1201857.715
SO;Unterramsern;2603149.838;1218656.023
BE;Kehrsatz;2603226.293;1194054.47
SO;Buchegg;2603296.368;1221920.456
VS;Grône;2603324.22;1122996.786
SO;Metzerlen-Mariastein;2603465.642;1258409.217
BE;Moosseedorf;2603611.33;1206492.272
BE;Muri bei Bern;2603635.893;1197279.82
VS;Crans-Montana;2603688.516;1135476.387
BL;Dittingen;2603733.441;1254665.483
VS;Evolène;2603820.842;1108060.561
BE;Blumenstein;2604206.034;1175310.778
BE;Kaufdorf;2604296.541;1187617.907
SO;Bellach;2604334.827;1228806.894
BE;Wattenwil;2604355.422;1180921.735
SO;Oberdorf (SO);2604419.976;1231301.991
BE;Burgistein;2604819.201;1182175.622
BE;Toffen;2604995.976;1190211.231
BL;Schönenbuch;2605142.878;1264981.991
BE;Jegenstorf;2605197.477;1211218.008
BE;Belp;2605231.836;1193589.545
SO;Grindel;2605292.263;1247709.453
BE;Bolligen;2605303.208;1203675.097
BE;Därstetten;2605381.312;1168313.985
BL;Biel-Benken;2605435.419;1261307.007
SO;Bättwil;2605450.898;1260002.871
BL;Wahlen;2605554.732;1249827.957
SO;Langendorf;2605720.186;1230076.932
BE;Urtenen-Schönbühl;2605720.963;1207557.649
JU;Mervelier;2605772.581;1243060.208
VS;Chalais;2605975.46;1123623.335
BE;Worb;2606006.937;1199020.623
NE;La Sagne;2606072.831;1105142.157
BE;Mattstetten;2606247.482;1208817.731
BL;Blauen;2606299.123;1255735.003
BE;Seehof;2606450.216;1239363.926
BE;Erlenbach im Simmental;2606500.058;1167303.031
BE;Pohlern;2606501.907;1174075.481
BE;Allmendingen;2606511;1195899
SO;Witterswil;2606555.333;1259685.934
BE;Forst-Längenbühl;2606566.701;1179289.057
SO;Rüttenen;2606583.252;1230761.64
SO;Lohn-Ammannsegg;2606589.849;1223176.255
BL;Laufen;2606702.23;1251490.493
BE;Bätterkinden;2606797.96;1219761.796
BE;Stettlen;2606884.624;1201279.434
BL;Zwingen;2606908.905;1253896.361
BE;Fraubrunnen;2606974.294;1215217.402
BL;Allschwil;2607205.252;1265668.67
SO;Solothurn;2607322.868;1227301.959
BE;Gurzelen;2607380.819;1180067.823
BE;Krauchthal;2607390.576;1205064.144
BE;Seftigen;2607691.788;1182197.293
VS;Chippis;2607767.528;1124772.405
BE;Rubigen;2607774.84;1193735.093
BE;Gerzensee;2607804.455;1190447.655
BE;Kirchdorf (BE);2607890.204;1185187.593
SO;Balm bei Günsberg;2607950.783;1234084.384
SO;Erschwil;2607957.568;1246627.976
BL;Oberwil (BL);2608037.147;1263158.051
SO;Biberist;2608039.47;1225618.079
BE;Hindelbank;2608089.185;1210324.514
BL;Ettingen;2608131.167;1258381.779
BE;Uebeschi;2608146.316;1177697.544
SO;Büsserach;2608309.229;1248791.467
BE;Aefligen;2608357.516;1216038.823
BL;Brislach;2608388.201;1253106.912
SO;Breitenbach;2608441.387;1250412.288
SO;Feldbrunnen-St. Niklaus;2608509.312;1230418.745
BE;Kernenried;2608548.302;1213087.193
BE;Schelten;2608790.014;1242746.771
BL;Therwil;2608885.786;1260639.865
BE;Wiler bei Utzenstorf;2609054.094;1222368.875
BE;Adelboden;2609181.961;1146523.28
BE;Diemtigen;2609220.358;1166294.935
BE;Münsingen;2609251.588;1191702.179
BL;Nenzlingen;2609288.358;1255370.404
VS;Sierre;2609296.729;1126418.744
SO;Zuchwil;2609379.915;1227302.197
VS;Anniviers;2609439.635;1124112.053
BE;Utzenstorf;2609503.17;1218792.045
SO;Meltingen;2609684.097;1247976.424
BE;Jaberg;2609716.424;1185364.973
BL;Binningen;2609718.294;1265115.916
SO;Gerlafingen;2609931.405;1224359.377
SO;Riedholz;2609962.665;1231035.102
SO;Günsberg;2610078.367;1234663.083
BE;Uttigen;2610111.243;1182849.748
BE;Thierachern;2610117.415;1177646.185
BE;Zielebach;2610317.009;1222996.894
SO;Herbetswil;2610329.994;1237668.476
BL;Bottmingen;2610458.616;1263380.458
BE;Rüdtligen-Alchenflüh;2610482;1241896
SO;Fehren;2610578.866;1250237.696
BE;Uetendorf;2610583.202;1180526.51
BE;Kiesen;2610601.534;1184633.99
BE;Lyssach;2610766.519;1211129.814
BE;Wichtrach;2610772.8;1186234.908
BL;Aesch (BL);2610797.802;1257652.571
BL;Pfeffingen;2610808.903;1256063.882
SO;Obergerlafingen;2610965.146;1223580.849
BL;Grellingen;2610994.391;1254279.884
BE;Rüti bei Lyssach;2611097.863;1211613.538
BS;Basel;2611308.85;1267305.821
SO;Hubersdorf;2611361.039;1232672.413
BE;Amsoldingen;2611362.333;1174769.991
VS;Salgesch;2611366.289;1128290.608
BE;Kirchberg (BE);2611414.424;1215746.62
SO;Derendingen;2611461.493;1226575.073
SO;Kammersrohr;2611624.518;1233952.171
SO;Aedermannsdorf;2611699.529;1240279.951
BE;Ersigen;2611815.966;1216667.731
SO;Kriegstetten;2611828.905;1224952.848
VS;Varen;2611875.915;1130004.836
BL;Reinach (BL);2611906.741;1259229.473
BE;Oppligen;2611964.023;1184896.024
SO;Flumenthal;2612238.717;1231712.319
SO;Luterbach;2612321.333;1230557.427
VS;Inden;2612323.569;1133581.54
SO;Zullwil;2612395.665;1248553.307
BL;Duggingen;2612460.017;1257529.774
SO;Recherswil;2612499.525;1223336.751
SO;Subingen;2612508.3;1226925.717
BE;Häutligen;2612621.152;1189570.544
BE;Heimberg;2612622.384;1182173.177
BE;Reutigen;2612715.374;1171400.003
BE;Herbligen;2612719.816;1186379.743
SO;Oekingen;2612731.83;1225518.882
BE;Farnern;2612768.151;1235434.935
BE;Attiswil;2612819.956;1233291.382
BE;Koppigen;2612940.194;1219250.118
BL;Münchenstein;2613022.025;1262986.263
SO;Halten;2613123.918;1224155.345
SO;Nunningen;2613182.306;1250014.472
SO;Himmelried;2613195.771;1252081.436
SO;Seewen;2613195.771;1252081.436
BE;Willadingen;2613367.458;1221740.387
BE;Brenzikofen;2613548.539;1184822.127
BE;Burgdorf;2613615.899;1211853.149
BE;Walkringen;2613656.063;1199713.222
BE;Konolfingen;2613669.846;1191987.581
SO;Horriwil;2613908.834;1225532.454
SO;Dornach;2614066.341;1258392.508
SO;Deitingen;2614123.523;1229660.321
BL;Arlesheim;2614280.722;1260618.947
SO;Matzendorf;2614381.085;1239212.144
BE;Rumendingen;2614428.965;1217497.137
BE;Freimettigen;2614618.179;1190446.218
BE;Oberburg;2614642.744;1209792.61
BE;Biglen;2614722.13;1198651.661
BE;Höchstetten;2614777.034;1221504.775
SO;Hüniken;2614869.942;1225874.006
BE;Grosshöchstetten;2615002.147;1195175.5
BE;Frutigen;2615157.262;1159267.377
BE;Rumisberg;2615254.695;1235361.182
BE;Thun;2615305.181;1177419.242
BL;Birsfelden;2615349.496;1266934.362
BE;Hasle bei Burgdorf;2615357.252;1206976.765
SO;Hochwald;2615419.661;1256190.855
BE;Alchenstorf;2615528.264;1219118.552
SO;Etziken;2615644.926;1226179.881
BE;Wimmis;2615647.137;1168154.746
BE;Wynigen;2615653.84;1214568.396
VS;Leukerbad;2615707.139;1138752.409
VS;Albinen;2615733.579;1133531.281
BL;Muttenz;2615757.685;1263578.735
SO;Beinwil (SO);2615779.108;1246041.695
BE;Wangen an der Aare;2615816.496;1231212.337
BE;Wiedlisbach;2615816.662;1232959.426
BE;Hellsau;2615979.602;1221357.002
BE;Niederhünigen;2615996.669;1190430.565
BE;Oberdiessbach;2616010.572;1188010.391
BL;Bretzwil;2616088.494;1249409.298
BS;Riehen;2616131.14;1269995.858
BE;Mirchel;2616160.534;1193397.085
SO;Laupersdorf;2616203.983;1239781.595
BE;Steffisburg;2616354.534;1181440.416
BE;Fahrni;2616354.534;1181440.416
SO;Bolken;2616793.346;1226968.361
SO;Gempen;2616804.813;1258907.86
SO;Aeschi (SO);2616932.276;1225116.757
BE;Inkwil;2616986.835;1227908.066
BE;Heimiswil;2617038.896;1211434.785
BL;Lauwil;2617059.272;1247784.099
VS;Guttet-Feschel;2617100.873;1129756.59
BE;Arni (BE);2617126.526;1198146.568
BE;Hilterfingen;2617127.166;1176695.267
BE;Seeberg;2617176.605;1223240.583
BL;Pratteln;2617244.31;1264728.249
BE;Reichenbach im Kandertal;2617298.033;1160590.933
BE;Oberhünigen;2617414.132;1191459.219
BE;Zäziwil;2617420.552;1193858.964
BE;Kandergrund;2617483.196;1157722.331
SO;Büren (SO);2617554.986;1255415.709
BE;Oberbipp;2617806.146;1233557.149
BS;Bettingen;2617815;1269011.678
BE;Spiez;2617821.139;1169980.338
VS;Agarn;2617895.238;1126867.412
BE;Oberhofen am Thunersee;2617985.843;1175621.55
BE;Heiligenschwendi;2618352.821;1177908.206
BE;Rüegsau;2618441.716;1208548.987
BE;Niederönz;2618617.627;1226403.817
BE;Walliswil bei Wangen;2618743.998;1230786.254
BE;Unterlangenegg;2618776.976;1183843.121
BE;Buchholterberg;2618776.976;1183843.121
BE;Landiswil;2618832.235;1200669.795
SO;Nuglar-St. Pantaleon;2619202.907;1257665.595
BE;Linden;2619268.006;1190551.989
BE;Oberthal;2619296.516;1194992.24
BL;Augst;2619394.637;1264593.322
BE;Walliswil bei Niederbipp;2619459.273;1231581.216
BE;Heimenhausen;2619462.679;1229312.558
BL;Ziefen;2619630.663;1252966.472
BL;Reigoldswil;2619668.913;1246733.482
BL;Lupsingen;2619670.85;1255355.985
BE;Aeschi bei Spiez;2619776.076;1166822.481
BL;Titterten;2619930.089;1251155.059
SO;Balsthal;2619931.161;1238572.683
VS;Leuk;2619944.163;1129044.792
BE;Bowil;2620089.317;1192823.204
BE;Berken;2620124.017;1230523.388
BL;Frenkendorf;2620168.68;1261309.815
BE;Bettenhausen;2620548.06;1224822.817
BE;Teuffenthal (BE);2620598.979;1179300.35
BE;Niederbipp;2620688.542;1234128.292
BL;Seltisberg;2620716.306;1256705.892
BE;Herzogenbuchsee;2620810.416;1227164.495
BE;Rüderswil;2620869.346;1204022.285
BE;Röthenbach im Emmental;2620902.024;1190705.273
BE;Vechigen;2620970;1201593
BE;Krattigen;2621040.409;1167633.891
BE;Kandersteg;2621121.002;1146065.301
BE;Affoltern im Emmental;2621162.368;1214558.516
SO;Oensingen;2621169.563;1237746.769
BL;Arboldswil;2621171.366;1251772.232
BL;Liedertswil;2621271.388;1248667.152
BE;Sumiswald;2621300.841;1210243.889
BE;Graben;2621344.905;1229701.992
VS;Oberems;2621355.085;1122799.685
AG;Kaiseraugst;2621502.895;1265086.633
BE;Signau;2621602.103;1194577.118
BE;Bannwil;2621973.166;1231911.13
BE;Lauperswil;2622017.822;1201175.542
VS;Ergisch;2622095.395;1124741.376
VS;Ferden;2622248.685;1138194.742
BL;Füllinsdorf;2622278.698;1262112.624
BE;Thörigen;2622304.064;1224984.957
BL;Bubendorf;2622336.6;1255184.454
BL;Liestal;2622606.433;1257261.164
BL;Waldenburg;2622621.413;1247468.508
BE;Sigriswil;2622645.489;1174330.342
BL;Giebenach;2622648.693;1263732.749
BE;Trachselwald;2622690.416;1207127.518
BE;Wachseldorn;2622794.696;1185341.177
BE;Oberlangenegg;2622816.699;1183102.955
BE;Ochlenberg;2622882.849;1222397.975
VS;Eischoll;2623211.824;1127220.84
BE;Oeschenbach;2623240.448;1217744.589
VS;Turtmann-Unterems;2623430.202;1128279.504
BE;Thunstetten;2623431.812;1227486.636
BL;Niederdorf;2623570.631;1251337.841
BL;Lampenberg;2623725.865;1253016.002
SO;Holderbank (SO);2623848.795;1241723.409
SO;Kestenholz;2623959.094;1236338.136
BL;Langenbruck;2624200.581;1243520.091
SO;Oberbuchsiten;2624290.2;1240243.28
VS;Gampel-Bratsch;2624322.162;1134595.505
BE;Bleienbach;2624386.546;1225835.896
BE;Ursenbach;2624547.098;1219810.673
BL;Lausen;2624702.067;1257667.585
BL;Arisdorf;2624702.97;1261931.289
BE;Schwarzhäusern;2624770.2;1234106.158
BL;Oberdorf (BL);2624791.406;1250675.318
BL;Ramlinsburg;2624802.776;1255460.93
BE;Aarwangen;2624886.179;1231822.835
VS;Steg-Hohtenn;2625002.729;1133704.832
BE;Rütschelen;2625223.523;1224664.457
BL;Hölstein;2625296.996;1251060.539
VS;Kippel;2625432.671;1137741.562
BE;Walterswil (BE);2625479.609;1219234.918
SO;Niederbuchsiten;2625687.014;1237527.524
BL;Hersberg;2625861.086;1260185.328
VS;Unterbäch;2625905.837;1121731.249
BL;Bennwil;2625938.862;1249349.118
AG;Olsberg;2625977.925;1263279.416
BL;Itingen;2626243.255;1257021.991
BE;Dürrenroth;2626290.614;1214408.574
VS;Niedergesteln;2626485.787;1129616.822
BE;Lotzwil;2626769.061;1226471.152
VS;Wiler (Lötschen);2626784.497;1139557.211
BL;Zunzgen;2626788.591;1254808.646
VS;Randa;2626829.779;1104914.68
BL;Diegten;2626977.493;1250007.889
BE;Langenthal;2627003.495;1229684.389
AG;Rheinfelden;2627027.315;1266751.306
BE;Langnau im Emmental;2627084.601;1195625.277
SO;Egerkingen;2627103.264;1241701.898
BE;Leissigen;2627109.617;1167724.645
SO;Wolfwil;2627195.6;1235437.922
BL;Nusshof;2627293.872;1260168.952
SO;Neuendorf;2627369.082;1238477.69
BE;Wyssachen;2627460.425;1212067.359
BE;Madiswil;2627531.424;1223544.933
VS;Embd;2627716.521;1118602.831
BE;Beatenberg;2627718.942;1173205.504
BE;Rohrbachgraben;2627819.011;1217768.156
AG;Magden;2627904.585;1263172.929
BE;Wynau;2627946.136;1233949.647
BE;Eggiwil;2628048.117;1189459.691
BE;Rohrbach;2628274.745;1221287.8
VS;Raron;2628282.157;1127634.497
BE;Horrenbach-Buchen;2628299.358;1180826.122
BL;Tenniken;2628409.211;1253630.973
BE;Därligen;2628449.619;1166798.956
VS;Zermatt;2628464.482;1093276.758
BE;Roggwil (BE);2628581.293;1231591.477
VS;St. Niklaus;2628658.84;1112273.286
SO;Härkingen;2628903.588;1239434.726
SO;Hägendorf;2629133.453;1241626.615
BL;Sissach;2629196.916;1257187.033
VS;Täsch;2629238.948;1099948.679
BE;Trubschachen;2629375.544;1197018.747
BL;Wittinsburg;2629401.962;1252912.869
BE;Thurnen;2629426.951;1255689.441
BL;Thürnen;2629426.951;1255689.441
VS;Bürchen;2629497.134;1124503.263
BE;Saxeten;2629680.587;1163730.763
BE;Busswil bei Melchnau;2629726.29;1226364.551
SO;Fulenbach;2629739.792;1236516.69
BL;Böckten;2629840.15;1257618.427
SO;Gunzgen;2629859.17;1240605.471
BE;Reisiswil;2629879.873;1223251.266
AG;Murgenthal;2629922.546;1235132.911
VS;Visp;2629928.845;1126725.245
BL;Wintersingen;2629947.226;1261925.257
BL;Känerkinden;2630305.162;1251882.502
BE;Auswil;2630340.167;1220619.142
BL;Diepflingen;2630446.725;1254981.525
BL;Eptingen;2630549.031;1247594.449
BL;Buckten;2630772.279;1251391.558
BE;Unterseen;2630781.941;1171640.697
BL;Rümlingen;2630801.512;1252188.536
BL;Maisprach;2630803.334;1263697.313
SO;Hauenstein-Ifenthal;2630823.383;1246855.721
SO;Kappel (SO);2630961.638;1240211.512
BL;Häfelfingen;2631055.972;1252141.375
SO;Boningen;2631258.596;1238995.426
AG;Möhlin;2631306.45;1268532.566
BE;Eriz;2631313.925;1181237.955
VS;Grächen;2631426.951;1116360.028
BE;Huttwil;2631443.461;1215628.176
BL;Rickenbach (BL);2631588.944;1260100.37
SO;Rickenbach (SO);2631595.924;1243377.117
BE;Melchnau;2631635.19;1225260.135
VS;Ausserberg;2631680.526;1130842.7
BL;Gelterkinden;2631774.085;1256120.943
BE;Eriswil;2631942.439;1213235.726
VS;Blatten;2632142.145;1143690.348
BL;Buus;2632357.465;1261801.358
BE;Gondiswil;2632477.378;1221808.569
BL;Läufelfingen;2632540.41;1250735.18
BE;Matten bei Interlaken;2632706.863;1169445.183
BL;Ormalingen;2632753.026;1260262.221
VS;Zeneggen;2632782.663;1124579.157
LU;Escholzmatt-Marbach;2632867.339;1192915.548
AG;Zeiningen;2632943.284;1266073.811
VS;Törbel;2633048.29;1121957.514
LU;Grossdietwil;2633173.362;1224021.653
LU;Altbüron;2633237.318;1225451.576
BL;Rünenberg;2633322.403;1253493.052
AG;Aarburg;2633392.356;1240261.411
VS;Baltschieder;2633520.476;1128257.082
SO;Wangen bei Olten;2633589.277;1242995.084
BE;Interlaken;2633661.222;1170426.703
AG;Rothrist;2633814.651;1238666.368
VS;Lalden;2633818.039;1128226.514
AG;Zuzgen;2633851.372;1264597.902
BL;Hemmiken;2633949.462;1259914.147
BE;Trub;2633961.091;1202211.798
LU;Ufhusen;2634134.234;1219766.608
VS;Stalden (VS);2634249.41;1121572.374
AG;Wallbach;2634330.962;1268867.168
SO;Trimbach;2634347.392;1246653.587
BL;Tecknau;2634391.12;1254799.774
AG;Hellikon;2634452.851;1261328.444
BE;Habkern;2634471.485;1178077.75
VS;Eggerberg;2634537.617;1129810.393
BE;Gsteigwiler;2634556.09;1166655.372
BL;Kilchberg (BL);2634637.869;1253027.741
AG;Vordemwald;2634833.573;1234464.703
BE;Ringgenberg (BE);2634928.991;1173484.91
LU;Pfaffnau;2634993.123;1231040.03
BE;Bönigen;2635180;1170552
SO;Olten;2635191.768;1245250.368
VS;Eisten;2635250.523;1113880.246
LU;Roggliswil;2635258.757;1228179.474
LU;Fischbach;2635311.258;1222545.588
BL;Wenslingen;2635352.254;1252873.034
BL;Zeglingen;2635708.284;1252787.144
BE;Lauterbrunnen;2635816.821;1160932.042
AG;Oftringen;2635837.324;1240315.484
SO;Wisen (SO);2635960.017;1249504.866
BL;Rothenfluh;2636010.975;1257592.429
BE;Wilderswil;2636026.687;1166822.543
AG;Mumpf;2636085.508;1266123.17
VS;Staldenried;2636299.133;1118463.786
AG;Strengelbach;2636415.423;1238883.204
SO;Starrkirch-Wil;2636811.918;1243657.123
VS;Saas-Balen;2636987.941;1113352.406
AG;Brittnau;2637089.024;1234028.666
LU;Luthern;2637156.236;1214197.645
LU;Zell (LU);2637220.587;1223576.181
BE;Niederried bei Interlaken;2637238.286;1175085.561
AG;Wegenstetten;2637330.625;1260748.758
BE;Gündlischwand;2637339.994;1167072.405
VS;Saas-Fee;2637448.464;1108031.001
SO;Lostorf;2637481.724;1248863.004
AG;Obermumpf;2637662.211;1264277.081
BL;Oltingen;2637706.734;1253503.685
BL;Anwil;2637915.748;1255870.497
SO;Winznau;2637987.104;1245536.594
VS;Saas-Grund;2638325.818;1108261.874
AG;Stein (AG);2638490.039;1265677.364
VS;Visperterminen;2638503.587;1122765.018
SO;Dulliken;2638510.763;1244214.942
SO;Walterswil (SO);2638647.649;1242940.978
SO;Obergösgen;2638831.057;1245984.087
BE;Schangnau;2639178.211;1182438.024
AG;Zofingen;2639243.309;1238790.476
LU;Hergiswil bei Willisau;2639306.14;1212413.535
AG;Münchwilen (AG);2639434.669;1265096.803
LU;Altishofen;2639436.202;1228189.707
AG;Schupfart;2639507.04;1262709.826
LU;Schötz;2639599.256;1224361.404
BE;Oberried am Brienzersee;2639687.361;1179046.888
LU;Nebikon;2639853.634;1225940.592
SO;Kienberg;2639862.516;1254807.693
AG;Wittnau;2639919.468;1258630.292
SO;Stüsslingen;2640045.527;1249466.914
LU;Wikon;2640252.379;1235090.128
AG;Erlinsbach (AG);2640395.234;1252538.514
LU;Reiden;2640746.385;1232713.998
LU;Willisau;2640893.414;1215269.26
VS;Saas-Almagell;2640926.186;1101272.631
BE;Lütschental;2640983.156;1165756.71
AG;Sisseln;2641065.612;1266920.308
SO;Niedergösgen;2641115.247;1247252.503
AG;Safenwil;2641402.731;1241301.78
AG;Eiken;2641509.451;1265472.029
BE;Iseltwald;2641649.557;1172335.518
VS;Naters;2641853.054;1131715.634
SO;Gretzenbach;2641917.521;1244301.748
SO;Erlinsbach (SO);2642058.494;1249590.12
LU;Alberswil;2642076.368;1222023.228
LU;Dagmersellen;2642363.674;1229445.642
AG;Wölflinswil;2642370.044;1259013.277
AG;Bottenwil;2642401.387;1237084.571
LU;Egolzwil;2642565.813;1225579.82
AG;Uerkheim;2642709.63;1238516.661
AG;Gipf-Oberfrick;2642803.006;1260033.727
AG;Oberhof;2642969.642;1254742.844
LU;Romoos;2642999.728;1206003.25
VS;Brig-Glis;2643022.054;1129376.217
SO;Schönenwerd;2643141.008;1247145.316
AG;Frick;2643194.357;1262058.722
AG;Oeschgen;2643613.625;1263956.701
AG;Wiliberg;2643727.567;1235204.531
LU;Ettiswil;2643880.357;1221878.133
LU;Schüpfheim;2643913.598;1202607.042
LU;Hasle (LU);2643949.81;1203182.068
AG;Kölliken;2644169.632;1242732.232
VS;Bitsch;2644459.365;1131367.15
AG;Holziken;2644965.261;1241159.977
AG;Staffelbach;2645264.831;1236941.778
BE;Brienz (BE);2645290.662;1172824.224
AG;Reitnau;2645300.392;1233624.022
VS;Riederalp;2645399.411;1136796.415
AG;Oberentfelden;2645405.288;1244979.192
AG;Unterentfelden;2645514.163;1246594.159
AG;Kaisten;2645519.124;1265316.315
LU;Menznau;2645738.562;1211803.293
LU;Wauwil;2645779.526;1226050.408
AG;Küttigen;2645844.03;1252359.111
AG;Herznach-Ueken;2645914.432;1258059.624
AG;Aarau;2646060.838;1248866.143
AG;Laufenburg;2646282.845;1267035.192
LU;Doppleschwand;2646451.554;1206730.826
VS;Ried-Brig;2646605.622;1126532.019
AG;Densbüren;2646645.923;1256263.37
VS;Termen;2646911.404;1131280.169
AG;Schöftland;2646941.087;1239658.664
VS;Fieschertal;2646942.547;1148769.84
BE;Schwanden bei Brienz;2647024.927;1180202.286
LU;Wolhusen;2647115.138;1208819.467
AG;Muhen;2647208.7;1242769.109
BE;Grindelwald;2647335.648;1163372.783
AG;Hirschthal;2647571.362;1240931.325
AG;Moosleerau;2647652.246;1235160.743
LU;Knutwil;2647895.004;1228118.031
LU;Mauensee;2647946.033;1223782.367
AG;Kirchleerau;2648006.697;1236409.114
AG;Buchs (AG);2648090.996;1249336.958
LU;Entlebuch;2648181.509;1204613.219
VS;Simplon;2648303.213;1116928.017
AG;Biberstein;2648607.371;1252275.772
LU;Triengen;2648764.029;1231936.016
AG;Suhr;2648882.688;1247293.169
LU;Grosswangen;2648922.691;1220269.769
VS;Bettmeralp;2649082.523;1141869.826
VS;Bister;2649148.38;1133546.983
AG;Thalheim (AG);2649190.148;1254652.823
BE;Hofstetten bei Brienz;2649301.049;1179587.839
AG;Schlossrued;2649326.776;1237586.566
AG;Zeihen;2649350.352;1257796.893
LU;Sursee;2649481.206;1224702.274
LU;Büron;2649735.583;1229419.721
LU;Buttisholz;2649856.098;1218333.607
LU;Oberkirch;2650331.289;1222636.58
AG;Gränichen;2650396.834;1245041.949
BE;Meiringen;2650405.903;1172920.374
LU;Werthenstein;2650828.012;1210764.031
AG;Teufenthal (AG);2650924.834;1242936.443
BE;Brienzwiler;2651004.758;1178930.92
VS;Grengiols;2651311.807;1136807.862
LU;Schlierbach;2651498.773;1231148.392
AG;Hunzenschwil;2651578.101;1248215.606
LU;Geuensee;2651631.103;1228226.043
GR;Laax;2651685.657;1138037.589
VS;Lax;2651685.657;1138037.589
AG;Schmiedrued;2651698.768;1235212.225
VS;Zwischbergen;2651787.935;1119588.135
AG;Mettauertal;2651806.388;1267517.046
AG;Oberkulm;2651854.419;1238688.918
VS;Fiesch;2651899.48;1141166.039
OW;Giswil;2652029.045;1187475.689
AG;Auenstein;2652093.947;1252202.132
AG;Gansingen;2652187.835;1265582.583
AG;Schinznach;2652332.602;1256253.282
AG;Unterkulm;2652338.717;1241072.472
AG;Rupperswil;2652470.826;1250484
AG;Mönthal;2652502.768;1262977.344
LU;Ruswil;2652622.89;1214834.035
AG;Schafisheim;2652843.753;1247401.056
AG;Schwaderloch;2652963.555;1270625.266
AG;Gontenschwil;2653308.871;1235437.139
AG;Veltheim (AG);2653331.707;1253511.148
LU;Rickenbach (LU);2653959.65;1227963.683
AG;Dürrenäsch;2653980.679;1241169.426
LU;Schenkon;2654159.918;1224245.569
AG;Villnachern;2654198.565;1258021.652
AG;Staufen;2654404.665;1247484.164
AG;Zetzwil;2654527.242;1237794.277
LU;Nottwil;2654795.535;1218270.132
AG;Bözberg;2654944.751;1258921.98
AG;Niederlenz;2655040.334;1250678.296
AG;Brugg;2655138.201;1256127.407
VS;Bellwald;2655186.39;1143800.304
AG;Leimbach (AG);2655186.677;1236222.178
AG;Seon;2655388.709;1245114.379
BE;Hasliberg;2655397.264;1178281.447
AG;Holderbank (AG);2655445.356;1253554.672
AG;Leibstadt;2655559.332;1270977.752
AG;Lenzburg;2655562.057;1247985.763
BE;Schattenhalb;2655602.956;1170958.121
AG;Leutwil;2655605.661;1239910.057
AG;Reinach (AG);2655717.059;1234995.188
LU;Eich;2655743.721;1223322.838
AG;Hallwil;2655787.09;1242168.79
AG;Remigen;2655806.812;1263165.546
AG;Boniswil;2655974.177;1240656.989
AG;Habsburg;2656335.088;1257043.54
AG;Riniken;2656342.508;1260704.936
AG;Mandach;2656446.24;1267053.464
AG;Egliswil;2656928.371;1244808.965
AG;Birrwil;2656982.087;1238191.08
LU;Malters;2657002.266;1209556.894
AG;Villigen;2657136.819;1264568.967
AG;Menziken;2657177.725;1231936.183
OW;Lungern;2657457.351;1182014.002
AG;Full-Reuenthal;2657470.281;1273266.914
AG;Lupfig;2657671.995;1254764.682
LU;Beromünster;2657878.154;1229106.211
AG;Windisch;2657971.42;1258865.389
AG;Ammerswil;2657981.137;1246643.678
AG;Hausen (AG);2658031.192;1257153.753
AG;Beinwil am See;2658066.964;1235207.884
AG;Birr;2658273.532;1253775.374
AG;Seengen;2658276.645;1242321.824
AG;Leuggern;2658630.129;1271037.374
AG;Böttstein;2658667.314;1267213.604
AG;Othmarsingen;2658671.13;1250519.891
AG;Brunegg;2658855.57;1252549.097
AG;Dintikon;2659144.621;1245875.869
AG;Koblenz;2659419.663;1272074.16
AG;Hendschiken;2659580.25;1249500.197
LU;Sempach;2659730.217;1220247.874
AG;Meisterschwanden;2659736.121;1237988.655
VS;Ernen;2659907.027;1139021.131
AG;Mägenwil;2659988.737;1251744.177
VS;Binn;2660078.268;1134438.452
LU;Neuenkirch;2660225.16;1215510.032
LU;Hildisrieden;2660397.255;1222013.901
LU;Ermensee;2660448.507;1230695.492
AG;Villmergen;2660455.471;1244422.525
AG;Mülligen;2660480.706;1256039.884
AG;Birrhard;2660687.082;1254198.979
AG;Gebenstorf;2660706.752;1259110.835
AG;Fahrwangen;2660879.972;1238024.705
AG;Würenlingen;2660923.164;1264785.727
AG;Dottikon;2660930.074;1247411.32
AG;Klingnau;2661013.182;1271217.622
LU;Aesch (LU);2661113.911;1234433.079
AG;Döttingen;2661166.323;1267422.95
BE;Innertkirchen;2661182.205;1170969.123
LU;Rothenburg;2661401.109;1215191.695
AG;Sarmenstorf;2661419.467;1240350.09
AG;Wohlenschwil;2661448.926;1252255.234
LU;Römerswil;2661472.347;1225006.373
OW;Sachseln;2661512.123;1186039.199
AG;Untersiggenthal;2661600.104;1261774.794
AG;Hägglingen;2661779.765;1249212.493
OW;Sarnen;2661862.441;1194783.577
AG;Wohlen (AG);2661981.176;1244659.696
OW;Alpnach;2662154.138;1203458.773
AG;Bettwil;2662309.188;1239312.87
AG;Birmenstorf (AG);2662456.985;1255987.715
LU;Hitzkirch;2662498.341;1230659.499
AG;Zurzach;2662661.007;1272360.908
AG;Mellingen;2662936.303;1252517.777
LU;Kriens;2663133.306;1207586.57
AG;Tägerig;2663224.139;1248958.95
AG;Uezwil;2663404.105;1240771.546
AG;Tegerfelden;2663742.215;1268108.849
VS;Goms;2663929.993;1148334.998
LU;Rain;2664050.286;1219981.886
OW;Kerns;2664141.119;1197612.259
LU;Hochdorf;2664167.983;1224656.264
AG;Fislisbach;2664268.147;1254300.395
AG;Baden;2664344.711;1258027.603
AG;Kallern;2664355.705;1240477.587
AG;Endingen;2664411.283;1264418.067
AG;Niederwil (AG);2664462.263;1247427.129
AG;Buttwil;2664564.811;1236637.401
AG;Obersiggenthal;2664580.65;1260863.676
LU;Schongau;2664693.664;1233670.008
AG;Waltenschwil;2664872.069;1242931.037
AG;Niederrohrdorf;2665136.824;1252797.979
AG;Stetten (AG);2665278.325;1250664.893
LU;Luzern;2665661.302;1213137.408
AG;Fischbach-Göslikon;2665980.313;1246799.488
AG;Boswil;2666078.381;1238996.401
LU;Emmen;2666125.713;1215556.341
BE;Guttannen;2666308.098;1162185.906
NW;Hergiswil (NW);2666396.77;1205646.797
AG;Freienwil;2666449.601;1261222.294
LU;Horw;2666465.681;1207307.765
AG;Lengnau (AG);2666516.035;1264352.893
LU;Hohenrain;2666657.404;1225710.206
AG;Oberrohrdorf;2666717.885;1252939.476
AG;Neuenhof;2666876.924;1255248.145
NW;Ennetmoos;2666992.137;1199482.743
AG;Ennetbaden;2667012.161;1259161.605
AG;Künten;2667031.017;1249074.128
AG;Bünzen;2667072.362;1240931.833
AG;Geltwil;2667171.804;1233541.364
AG;Bremgarten (AG);2667303.296;1245289.038
AG;Remetschwil;2667623.785;1251174.517
LU;Ballwil;2667787.404;1223190.225
NW;Stansstad;2667840.999;1201939.556
AG;Eggenwil;2667931.665;1247087.821
AG;Killwangen;2668074.208;1253355.618
AG;Wettingen;2668100.937;1257270.343
LU;Eschenbach (LU);2668123.727;1221000.737
VS;Obergoms;2668140.353;1144598.661
AG;Muri (AG);2668169.285;1238654.363
AG;Ehrendingen;2668268.601;1260930.02
AG;Mellikon;2668444.285;1268337.403
AG;Besenbüren;2668504.019;1240517.184
AG;Bellikon;2668683.855;1249405.576
AG;Sins;2668795.985;1226815.946
NW;Stans;2668809.356;1201557.275
AG;Beinwil (Freiamt);2668859.316;1229640.722
LU;Buchrain;2668929.526;1217175.097
LU;Inwil;2669095.696;1221336.673
AG;Widen;2669232.327;1247755.891
AG;Abtwil;2669298.254;1225091.083
AG;Zufikon;2669369.481;1244429.465
LU;Ebikon;2669641.681;1214532.785
AG;Würenlos;2669653.854;1255587.092
AG;Schneisingen;2669881.717;1264550.222
AG;Spreitenbach;2670032.554;1252260.113
AG;Rottenschwil;2670107.21;1240840.125
AG;Aristau;2670348.632;1238167.401
AG;Auw;2670443.155;1229980.578
ZH;Niederweningen;2670526.559;1261101.693
LU;Root;2670590.658;1217224.433
LU;Adligenswil;2670618.284;1213830.642
LU;Meggen;2670798.896;1211513.408
LU;Dierikon;2670991.89;1216278.213
AG;Bergdietikon;2671022.288;1249051.844
ZH;Otelfingen;2671351.333;1257649.11
AG;Merenschwand;2671574.568;1235219.783
AG;Berikon;2671647.98;1245126.546
NW;Wolfenschiessen;2671665.005;1194279.61
AG;Rudolfstetten-Friedlisberg;2671683.924;1246820.673
ZH;Schleinikon;2671774.79;1260835.463
ZH;Hüttikon;2671934.811;1254915.397
AG;Büttikon;2671934.811;1254915.397
NW;Dallenwil;2671954.614;1197291.647
ZH;Oetwil an der Limmat;2671995.048;1253625.597
AG;Oberwil-Lieli;2672012.569;1243649.841
AG;Unterlunkhofen;2672044.262;1241737.355
NW;Oberdorf (NW);2672368.859;1200481.047
ZH;Dietikon;2672431.537;1250356.17
AG;Siglistorf;2672454.833;1264539.743
LU;Gisikon;2672619.421;1220734.932
AG;Mühlau;2672630.457;1231351.644
AG;Oberrüti;2672639.397;1224847.781
AG;Dietwil;2672659.705;1222512.023
ZH;Regensberg;2672662.926;1259416.457
AG;Oberlunkhofen;2672698.541;1240698.969
AG;Fisibach;2672746.639;1267848.744
AG;Jonen;2672771.489;1239207.58
ZH;Oberweningen;2672865.813;1261923.363
LU;Udligenswil;2672978.594;1217651.684
ZH;Boppelsen;2673018.921;1258135.702
ZH;Ottenbach;2673382.535;1237139.777
NW;Ennetbürgen;2673431.877;1204505.193
ZH;Geroldswil;2673528.422;1252912.038
ZH;Schöfflisdorf;2673974.264;1261443.245
ZG;Hünenberg;2674075.089;1230708.755
SH;Trasadingen;2674098.558;1280274.758
AG;Arni (AG);2674169.204;1240970.163
ZH;Bachs;2674334.33;1264692.644
ZH;Obfelden;2674456.245;1234854.065
NW;Buochs;2674488.717;1201869.037
ZH;Dällikon;2674960.716;1254719.662
ZH;Maschwanden;2675132.724;1232112.741
SH;Hallau;2675146.454;1283908.417
ZH;Urdorf;2675235.228;1249346.671
ZH;Aesch (ZH);2675340.496;1243213.576
ZH;Weiningen (ZH);2675346.471;1252791.745
ZH;Weiach;2675486.994;1267459.923
ZH;Buchs (ZH);2675555.917;1256913.634
ZH;Birmensdorf (ZH);2675627.758;1245049.422
LU;Meierskappel;2675669.464;1218856.203
AG;Islisberg;2675742.718;1242043.384
ZH;Unterengstringen;2675911.043;1251644.813
LU;Greppen;2676008.352;1212183.162
LU;Weggis;2676141.227;1211661.496
ZH;Schlieren;2676325.984;1249754.997
ZH;Hedingen;2676516.423;1239543.573
ZH;Dielsdorf;2676629.028;1258813.908
ZH;Steinmaur;2676707.529;1262729.276
ZH;Affoltern am Albis;2676852.012;1236929.718
ZG;Cham;2676876.589;1227744.886
SH;Wilchingen;2677161.334;1281842.931
ZG;Risch;2677404.252;1219772.746
ZH;Bonstetten;2677412.15;1241078.278
ZH;Oberengstringen;2677464.541;1251673.746
ZH;Regensdorf;2677494.177;1253966.615
SH;Oberhallau;2677573.045;1285360.763
ZH;Knonau;2677587.649;1230879.646
ZH;Wasterkingen;2677716.63;1272272.054
ZH;Mettmenstetten;2677789.998;1233600.22
ZH;Wettswil am Albis;2677993.454;1243461.551
ZH;Neerach;2678111.497;1262265.934
ZH;Wil (ZH);2678143.005;1273810.548
ZH;Niederhasli;2678501.934;1260577.155
ZH;Uitikon;2678656;1246418
NW;Beckenried;2679091.065;1197917.345
UR;Realp;2679251.282;1158924.626
ZH;Aeugst am Albis;2679402.872;1235842.01
ZH;Stallikon;2679441.38;1242625.82
NW;Emmetten;2679589.298;1200706.017
ZH;Hüntwangen;2679697.027;1271910.225
SH;Siblingen;2679818.068;1287327.593
SH;Schleitheim;2679934.688;1287834.178
ZH;Rifferswil;2679965.45;1233269.319
LU;Vitznau;2680020.472;1207610.425
ZH;Höri;2680024.762;1262462.129
ZH;Niederglatt;2680043.963;1260671.361
SH;Neunkirch;2680183.453;1281707.981
SH;Gächlingen;2680382.435;1287697.366
ZG;Zug;2680469.743;1226680.214
ZH;Hochfelden;2680564.977;1264693.672
ZG;Steinhausen;2680629.545;1227342.386
ZH;Adliswil;2680696.736;1240684.937
TI;Bosco/Gurin;2680897.35;1130536.413
TI;Bedretto;2680907.698;1149777.776
ZH;Eglisau;2681595.125;1269634.168
OW;Engelberg;2681609.322;1185099.153
ZH;Glattfelden;2681743.997;1267043.736
ZH;Kappel am Albis;2681771.501;1231404.159
ZH;Oberglatt;2681877.147;1259410.183
TI;Campo (Vallemaggia);2681908.945;1127135.304
ZH;Langnau am Albis;2682031.828;1235594.87
ZH;Rümlang;2682181.628;1255867.443
ZG;Walchwil;2682362.279;1215998.565
SH;Beggingen;2682546.402;1291170.206
UR;Göschenen;2682616.539;1169050.941
ZH;Hausen am Albis;2682851.794;1233662.737
UR;Isenthal;2682913.203;1193036.002
ZH;Rafz;2682964.22;1271746.445
SH;Löhningen;2683066.176;1284489.471
ZG;Baar;2683202.517;1228006.283
SZ;Gersau;2683209.538;1206831.039
ZH;Bachenbülach;2683382.623;1261738.649
ZH;Kilchberg (ZH);2683663.554;1241780.12
SH;Buchberg;2683700.608;1269239.155
SH;Rüdlingen;2683819.019;1271842.471
SZ;Arth;2684121.477;1214209.027
ZH;Rüschlikon;2684355.424;1241109.101
ZH;Winkel;2684389.023;1259634.881
TI;Cerentino;2684709.613;1130106.976
ZH;Zürich;2684773.707;1252454.43
ZH;Bülach;2684806.914;1262781.403
ZH;Thalwil;2685110.414;1238147.755
ZH;Rorbas;2685117.786;1265236.058
ZG;Neuheim;2685139.793;1228732.98
TG;Kemmental;2685154.874;1288231.841
SH;Beringen;2685364.753;1283685.788
ZH;Oberrieden;2685547.922;1236388.442
SZ;Steinerberg;2685676.227;1213543.069
UR;Hospental;2685796.844;1162605.827
UR;Seelisberg;2686058.909;1202844.81
ZH;Kloten;2686221.391;1257069.449
ZH;Zollikon;2686304.449;1244037.82
ZH;Opfikon;2686320.862;1253818.487
ZH;Berg am Irchel;2686327.191;1268659.976
SH;Bargen (SH);2686423.582;1294372.306
SZ;Lauerz;2686677.875;1209008.607
TI;Linescio;2687102.315;1128939.208
ZH;Lufingen;2687138.897;1259645.616
SH;Merishausen;2687251.378;1290911.897
ZH;Wallisellen;2687352.435;1252910.794
ZH;Embrach;2687457.095;1262791.7
ZH;Küsnacht (ZH);2687511.44;1241820.29
ZH;Flaach;2687512.518;1270948.915
SH;Neuhausen am Rheinfall;2687598.358;1281558.12
UR;Seedorf (UR);2687625.097;1193581.486
ZH;Erlenbach (ZH);2687764.736;1239883.122
ZG;Unterägeri;2688547.397;1219224.254
ZH;Dietlikon;2688566.589;1253337.003
SZ;Ingenbohl;2688573.265;1207886.834
ZH;Rheinau;2688648.13;1275885.417
UR;Erstfeld;2688711.55;1185274.283
UR;Wassen;2688760.377;1172872.294
ZH;Horgen;2688874.382;1233492.209
ZG;Oberägeri;2688984.926;1221406.559
UR;Attinghausen;2689022.366;1190176.576
TI;Cevio;2689024.951;1128939.041
ZH;Dachsen;2689068.453;1279684.813
SZ;Steinen;2689121.525;1213620.628
ZH;Dättlikon;2689228.043;1264878.536
ZH;Buch am Irchel;2689314.064;1267314.778
SH;Schaffhausen;2689438.878;1288950.874
ZH;Dübendorf;2689512.338;1251504.019
ZH;Nürensdorf;2689553.125;1257591.721
ZH;Bassersdorf;2689557.606;1255056.672
ZH;Zumikon;2689726.787;1243460.024
ZH;Volken;2689744.938;1270228.939
TI;Airolo;2689745.792;1154541.258
ZH;Flurlingen;2689867.716;1282127.243
ZH;Oberembrach;2690047.988;1260553.152
ZH;Herrliberg;2690048.95;1239116.052
UR;Andermatt;2690054.354;1163585.716
ZH;Marthalen;2690209.819;1274873.843
SZ;Sattel;2690280.383;1215159.631
SH;Büttenhardt;2690484.253;1290013.476
ZH;Feuerthalen;2690508.331;1282739.757
SZ;Morschach;2690614.457;1204305.42
ZH;Pfungen;2690679.247;1262803.785
ZH;Fällanden;2690802.638;1247310.808
ZG;Menzingen;2690804.657;1225070.649
ZH;Dorf;2691097.997;1269654.271
ZH;Schwerzenbach;2691189.04;1249105.323
UR;Sisikon;2691272.55;1199687.736
SH;Stetten (SH);2691329.031;1288104.489
ZH;Meilen;2691346.949;1237431.811
ZH;Benken (ZH);2691357.35;1278833.315
UR;Gurtnellen;2691487.553;1175901.503
UR;Altdorf (UR);2691654.823;1193646.746
UR;Flüelen;2692063.48;1197130.255
ZH;Wädenswil;2692127.672;1230678.717
ZH;Wangen-Brüttisellen;2692205;1251895
ZH;Neftenbach;2692217.839;1265243.572
TI;Onsernone;2692326.237;1117021.177
SH;Lohn (SH);2692408.137;1290361.094
UR;Schattdorf;2692662.171;1190253.542
UR;Silenen;2692838.855;1182987.664
ZH;Andelfingen;2693014.097;1272291.235
ZH;Maur;2693112.998;1243136.813
ZH;Brütten;2693211.558;1259007.55
SZ;Schwyz;2693320.43;1209307.261
ZH;Lindau;2693432.138;1255496.711
ZH;Henggart;2693487.194;1268481.255
ZH;Kleinandelfingen;2693715.169;1273645.258
ZH;Greifensee;2693749.766;1246889.623
ZH;Volketswil;2693863.715;1250081.065
SZ;Rothenthurm;2694027.159;1216969.208
ZH;Trüllikon;2694052.571;1275700.291
TI;Lavizzara;2694058.087;1134528.763
ZH;Uetikon am See;2694105.01;1236334.427
ZH;Dänikon;2694724.798;1247481.786
SZ;Riemenstalden;2694975.026;1199338.873
UR;Bürglen (UR);2695019.67;1194002.669
ZH;Männedorf;2695220.984;1235237.826
ZH;Richterswil;2695250.386;1229338.499
SH;Thayngen;2695402.965;1288435.576
TG;Schlatt (TG);2695443.828;1281688.483
SH;Dörflingen;2695732.511;1285021.389
ZH;Hettlingen;2695758.964;1267151.966
UR;Spiringen;2696027.289;1191889.809
ZH;Dägerlen;2696177.56;1268633.089
TI;Centovalli;2696212.549;1113878.951
TI;Brissago;2696215.5;1109268.189
ZH;Oetwil am See;2696379.433;1235751.955
ZH;Ossingen;2696481.98;1274194.07
TG;Diessenhofen;2696484.821;1281760.989
SZ;Wollerau;2696567.565;1226910.235
ZH;Seuzach;2696808.917;1265693.314
SZ;Alpthal;2697001.815;1212491.863
ZH;Uster;2697017.059;1245448.915
ZH;Truttikon;2697026.256;1276546.973
ZH;Illnau-Effretikon;2697062;1253603
ZH;Stäfa;2697666.793;1233951.588
TG;Basadingen-Schlattingen;2697725.041;1279488.742
ZH;Mönchaltorf;2698067.724;1240667.582
ZH;Grüningen;2698215.063;1238330.044
ZH;Thalheim an der Thur;2698295.658;1270963.313
SZ;Einsiedeln;2698493.177;1221093.95
TI;Ronco sopra Ascona;2698505.351;1111290.22
SZ;Illgau;2698651.835;1205963.547
TI;Quinto;2698672.858;1152152.723
ZH;Fehraltorf;2699053.13;1249336.143
SZ;Freienbach;2699728.471;1228717.485
ZH;Gossau (ZH);2699749.589;1240085.069
TI;Maggia;2699790.279;1125095.95
ZH;Dinhard;2699835.926;1268444.775
ZH;Stadel;2699879.624;1266117.895
SZ;Muotathal;2699941.84;1197070.549
SZ;Feusisberg;2700029.263;1226221.716
ZH;Hombrechtikon;2700459.877;1234657.876
TG;Neunforn;2700537.455;1272218.575
ZH;Seegräben;2700561;1242639
ZH;Weisslingen;2700630.234;1254695.432
SZ;Oberiberg;2700751.22;1210042.443
ZH;Wiesendangen;2700835.963;1265406.227
TI;Terre di Pedemonte;2700929.8;1116190.701
TI;Losone;2700935.092;1113874.241
SH;Buch (SH);2700991.731;1285928.542
GR;Tujetsch;2701173.056;1170839.754
ZH;Altikon;2701253.574;1270591.621
ZH;Russikon;2701497.36;1250256.979
TI;Dalpe;2701559.201;1146133.048
ZH;Stammheim;2701597;1276298
ZH;Rickenbach (ZH);2702134.328;1267886.252
UR;Unterschächen;2702463.392;1189942.492
TI;Avegno Gordevio;2702482.104;1117720.604
ZH;Winterthur;2702520.02;1258747.802
ZH;Pfäffikon;2702553.246;1247116.145
TI;Ascona;2702887.262;1112497.737
ZH;Elsau;2702929.564;1262172.258
ZH;Wetzikon (ZH);2703484.568;1241824.341
SH;Ramsen;2703623.407;1284910.109
ZH;Bubikon;2703824.157;1236881.271
ZH;Schlatt (ZH);2704022.471;1258771.804
ZH;Wildberg;2704193.661;1253880.017
TI;Orselina;2704275.963;1114848.702
ZH;Ellikon an der Thur;2704499.172;1268896.047
TG;Uesslingen-Buch;2704563.531;1271089.728
TI;Faido;2704596.37;1147781.727
TI;Locarno;2704619.215;1113280.449
TG;Wagenhausen;2704914.905;1280143.444
ZH;Zell (ZH);2705011.013;1256594.147
ZH;Turbenthal;2705068.608;1255180.608
ZH;Hittnau;2705079.532;1247196.262
SZ;Altendorf;2705133.324;1225551.651
SH;Hemishofen;2705259.991;1282470.235
TI;Muralto;2705328.546;1114587.789
SZ;Unteriberg;2705336.703;1207993.514
TI;Brione sopra Minusio;2706137.421;1116765.112
SH;Stein am Rhein;2706498.691;1280374.68
TI;Verzasca;2706536.757;1121358.497
TI;Minusio;2706573.967;1115163.444
TG;Gachnang;2706601.078;1266304.747
ZH;Hinwil;2706805.502;1242329.106
SG;Rapperswil-Jona;2706890.304;1234209.508
TI;Mergoscia;2706938.074;1118950.026
ZH;Rüti (ZH);2707134.03;1235737.457
ZH;Egg;2707160.819;1260966.665
ZH;Elgg;2707160.819;1260966.665
GR;Disentis/Mustér;2707288.694;1178100.785
TG;Warth-Weiningen;2707545.893;1271647.759
SZ;Lachen;2707564.97;1227881.73
TG;Hüttwilen;2707841.744;1272751.299
ZH;Wila;2707848.875;1250952.312
ZH;Hagenbuch;2708120.555;1263643.917
SZ;Galgenen;2708431.378;1225334.765
TG;Eschenz;2708445.968;1277128.421
TI;Tresa;2708471.51;1094674.581
ZH;Bäretswil;2708475.192;1243798.072
TI;Gambarogno;2708491.719;1105746.002
ZH;Dürnten;2708601.729;1236992.945
TI;Tenero-Contra;2709119.352;1114675.505
TI;Alto Malcantone;2709401.668;1100174.32
TI;Lavertezzo;2709470.853;1126816.346
TI;Lema;2709494.225;1095179.43
TG;Aadorf;2709537.593;1261147.357
TI;Giornico;2709749.826;1139071.679
ZH;Wald (ZH);2709841.767;1236602.141
GR;Medel (Lucmagn);2710170.339;1169743.823
TI;Gordola;2710315.692;1115666.942
SZ;Vorderthal;2710477.617;1220421.249
TI;Pura;2710487.032;1093280.185
TG;Herdern;2710531.48;1274717.366
TI;Aranno;2711079.987;1097251.909
TG;Matzingen;2711220.341;1265845.56
TG;Mammern;2711273.655;1278114.755
TI;Neggio;2711558.183;1093913.916
SZ;Wangen (SZ);2711592.23;1226943.503
TI;Caslano;2711598.572;1092021.678
ZH;Bauma;2711992.329;1246484.524
SG;Eschenbach (SG);2712199.454;1233557.132
TI;Magliaso;2712214.453;1093335.872
ZH;Fischenthal;2712346.172;1243508.61
TI;Personico;2712350.591;1133378.005
TI;Vernate;2712356.167;1094653.961
SZ;Innerthal;2712598.373;1212624.578
TI;Cademario;2712619.622;1097921.292
TG;Felben-Wellhausen;2712784.541;1270580.576
GR;Sumvitg;2712915.294;1180021.354
SZ;Schübelbach;2712967.402;1225785.105
TI;Bioggio;2712993.777;1095876.329
TG;Bichelsee-Balterswil;2713086.588;1256785.034
TI;Riviera;2713271.9;1109472.878
TI;Monteceneri;2713271.9;1109472.878
TI;Cugnasco-Gerra;2713277.552;1117326.718
TG;Frauenfeld;2713346.714;1269356.628
TI;Agno;2713454.589;1095720.583
SG;Schmerikon;2713628.316;1231645.257
SZ;Tuggen;2713711.819;1228811.954
TG;Pfyn;2714037.28;1273186.676
TI;Mezzovico-Vira;2714088.042;1106106.402
TI;Morcote;2714309.259;1088010.333
TI;Bedano;2714408.071;1101089.901
TI;Muzzano;2714511.957;1095051.875
TI;Manno;2714537.159;1098751.278
TI;Gravesano;2714598.67;1099979.991
TG;Stettfurt;2714614.438;1264922.591
TG;Thundorf;2714912.294;1267607.346
TG;Eschlikon;2715130.116;1257708.232
TI;Acquarossa;2715166.801;1146148.021
TG;Wängi;2715188.877;1261894.596
TI;Vico Morcote;2715229.843;1088107.568
TI;Grancia;2715365.953;1091827.162
TI;Collina d'Oro;2715372.151;1092538.955
TI;Torricella-Taverne;2715413.654;1102203.251
TI;Vezia;2715632.235;1097278.734
TI;Lamone;2715639.29;1099500.875
TI;Cadempino;2715759.973;1099267.304
TI;Capriasca;2715849.367;1103390.628
SG;Uznach;2715915.265;1230332.44
TI;Pollegio;2716034.441;1136901.012
TI;Origlio;2716121.672;1100566.013
TI;Brusino Arsizio;2716274.1;1086772.419
TI;Blenio;2716351.335;1150474.544
TG;Sirnach;2716415.17;1257788.595
TI;Sorengo;2716495.509;1095491.928
TI;Massagno;2716526.421;1096807.552
TG;Fischingen;2716536.544;1251791.693
SZ;Reichenburg;2716544.716;1224304.912
TG;Hüttlingen;2716698.894;1270732.888
TI;Savosa;2716700.171;1097839.797
TI;Sant'Antonino;2716776.742;1113620.225
TI;Melide;2716793.456;1091032.364
TI;Cadenazzo;2716904.732;1112029.088
TI;Cureglia;2716921.985;1099473.129
TG;Münchwilen (TG);2717043.725;1260021.997
TI;Stabio;2717057.524;1078030.48
TG;Steckborn;2717225.397;1279837.03
TI;Porza;2717330.556;1098314.447
TG;Lommis;2717354.506;1263752.992
TI;Lugano;2717374.908;1096889.326
TI;Paradiso;2717414.966;1093195.131
BE;Homberg;2717460.089;1276533.235
TG;Homburg;2717460.089;1276533.235
TI;Comano;2717553.202;1099892.767
GR;Trun;2717818.639;1176469.118
SG;Benken (SG);2718016.96;1228002.999
TI;Riva San Vitale;2718241.18;1085578.584
TI;Canobbio;2718275.758;1099256.169
TI;Bissone;2718784.003;1090072.461
TI;Val Mara;2718975.871;1088360.385
GL;Glarus Nord;2719385.436;1215759.188
TG;Wigoltingen;2719440.676;1273166.809
TG;Bettwiesen;2719481.733;1262005.781
TG;Berlingen;2719485.131;1280593.851
TI;Novazzano;2719627.138;1078195.135
SG;Gommiswald;2719800.725;1232390.766
TG;Affeltrangen;2719913.94;1265162.277
TG;Amlikon-Bissegg;2720044.017;1266888.015
SG;Kirchberg (SG);2720064.345;1251900.097
SG;Kaltbrunn;2720077.664;1229855.287
GR;Breil/Brigels;2720134.175;1184221.514
TG;Wilen (TG);2720168.927;1256364.343
TI;Coldrerio;2720223.666;1079753.973
TI;Mendrisio;2720238.235;1079921.523
SG;Mosnang;2720696.305;1246787.066
TI;Arogno;2720707.87;1091082.575
TG;Salenstein;2721027.813;1280033.612
TG;Rickenbach (TG);2721211.951;1256523.841
TG;Raperswilen;2721773.129;1277012.026
SG;Wil (SG);2721830.889;1255686.386
TI;Isone;2721885.271;1110078.583
TI;Balerna;2721913.093;1078023.913
TI;Castel San Pietro;2721976.752;1080692.635
TI;Biasca;2722268.099;1135824.092
TI;Chiasso;2722462.366;1077097.93
TG;Braunau;2722865.483;1262753.821
TI;Morbio Inferiore;2723007.994;1078657.508
TG;Märstetten;2723042.527;1272693.465
TI;Serravalle;2723065.118;1144817.081
SG;Schänis;2723179.047;1224348.664
TI;Bellinzona;2723262.977;1117423.983
SG;Wattwil;2723286.53;1239136.012
TG;Ermatingen;2723659.681;1279802.087
TG;Bussnang;2723761.417;1268547.584
SG;Jonschwil;2724187.801;1252704.807
TI;Vacallo;2724204.812;1078585.773
TG;Wuppenau;2724312.786;1260581.564
GL;Glarus;2724418.44;1209883.684
GR;Obersaxen Mundaun;2724557.283;1175652.5
TG;Wäldi;2724571.364;1277035.09
TI;Breggia;2724670.839;1080519.798
SG;Lichtensteig;2725205.539;1242801.051
SG;Oberuzwil;2725599.299;1255056.171
SG;Weesen;2725640.757;1220766.175
TI;Ponte Capriasca;2725773.366;1109365.669
SG;Lütisburg;2726096.347;1250500.422
TI;Lumino;2726257.958;1121706.383
TG;Gottlieben;2726852.528;1280727.364
SG;Zuzwil (SG);2726855.654;1258551.074
GR;San Vittore;2727225.787;1122440.337
TI;Arbedo-Castione;2727381.939;1117864.434
TG;Tägerwilen;2727434.742;1278836.729
GR;Calanca;2727553.21;1129077.526
TG;Schönholzerswilen;2727592.967;1263946.074
GR;Buseno;2727931.646;1126064.818
SG;Uzwil;2728046.982;1255337.114
TG;Weinfelden;2728109.104;1270197.164
SG;Ebnat-Kappel;2728202.111;1233027.006
TG;Bürglen (TG);2728903.278;1268333.471
SG;Oberbüren;2729131.097;1257910.269
TG;Berg (TG);2729547.484;1271427.288
SG;Flawil;2729580.527;1252105.038
GR;Vals;2729649.173;1159669.227
GR;Santa Maria in Calanca;2729849.286;1125299.46
GR;Rossa;2730158.961;1141135.535
GR;Castaneda;2730536.181;1124169.122
SG;Amden;2730890.491;1224638.657
GR;Grono;2731527.298;1123666.622
SG;Niederhelfenschwil;2731711.683;1259989.665
TG;Sulgen;2731778.895;1266845.259
GR;Roveredo (GR);2732140.799;1118092.102
TG;Birwinken;2732268.388;1271858.318
SG;Nesslau;2732335.937;1230415.092
TG;Kreuzlingen;2732697.692;1278073.365
SG;Neckertal;2732769.244;1245445.818
TG;Lengwil;2733042.659;1275392.271
SG;Degersheim;2733052.795;1246741.266
TG;Bottighofen;2733071.829;1277451.437
SG;Niederbüren;2733545.912;1258498.825
GR;Lumnezia;2734204.527;1175432.045
TG;Hohentannen;2734427.29;1263247.122
AR;Schönengrund;2734960.432;1243232.5
TG;Münsterlingen;2735053.099;1277123.597
TG;Erlen;2735140.208;1268038.13
SG;Gossau (SG);2735402.414;1251116.622
AR;Schwellbrunn;2735667.484;1246039.833
GR;Cama;2735998.319;1124796.973
GR;Falera;2736048.791;1186218.077
TG;Langrickenbach;2736057.336;1271855.026
SG;Quarten;2736426.326;1218428.031
GR;Schluein;2736571.467;1183940.321
TG;Hauptwil-Gottshaus;2736903.459;1261078.577
TG;Altnau;2736920.352;1274053.341
GR;Mesocco;2737058.613;1140379.768
TG;Zihlschlacht-Sitterdorf;2737283.355;1264926.299
GR;Lostallo;2737661.593;1129566.535
GR;Soazza;2737838.242;1134763.032
GR;Ilanz/Glion;2737858.559;1176210.703
AR;Waldstatt;2738290.224;1245209.796
TG;Bischofszell;2738576.924;1263700.591
TG;Sommeri;2738650.796;1270472.52
SG;Andwil (SG);2738868.167;1255826.711
SG;Waldkirch;2738980.55;1258306.802
TG;Güttingen;2738990.159;1273596.833
GR;Flims;2739542.329;1190994.473
AR;Herisau;2739613.052;1249249.526
GR;Sagogn;2740635.619;1184708.364
TG;Kesswil;2741110.6;1272660.422
TG;Hefenhofen;2741132.202;1269250.042
SG;Gaiserwald;2741530.842;1254643.579
SG;Walenstadt;2741611.017;1220344.936
TG;Dozwil;2741656.834;1271130.961
SG;Muolen;2741720.381;1264742.942
AR;Urnäsch;2742083.179;1236743.778
TG;Amriswil;2742193.414;1267773.02
AR;Hundwil;2742220.778;1246655.816
SG;St. Gallen;2742588.133;1251693.878
AI;Gonten;2742815.179;1243991.611
SG;Häggenschwil;2742949.413;1261640.024
SG;Wildhaus-Alt St. Johann;2743022.833;1234775.063
TG;Uttwil;2743081.628;1271400.089
GR;Trin;2743523.542;1193588.26
AR;Stein (AR);2744153.915;1246757.534
SG;Flums;2744346.791;1217526.316
TG;Romanshorn;2744417.926;1270024.063
GR;Rheinwald;2744776.54;1156002.905
GR;Safiental;2744800.689;1182844.278
TG;Salmsach;2744905.792;1268458.326
TG;Egnach;2746326.362;1267288.128
GR;Tschappina;2746849.891;1171407.318
TG;Roggwil (TG);2747172.632;1263969.664
AI;Schlatt-Haslen;2747515.92;1245950.436
GR;Bonaduz;2747671.26;1180496.859
SG;Wittenbach;2747759.437;1257460.483
AR;Teufen (AR);2748131.146;1250588.121
SG;Berg (SG);2748778.323;1261544.19
AI;Appenzell;2748935.917;1243199.212
GR;Rhäzüns;2749369.585;1183501.578
GR;Sufers;2749447.079;1157370.797
TG;Arbon;2749697.129;1264193.139
GR;Flerden;2749828.036;1170685.724
GR;Urmein;2749849.761;1172946.288
SG;Mörschwil;2749930.211;1259279.699
AR;Bühler;2750072.765;1249376.239
GR;Tamins;2750287.372;1189898.962
SG;Steinach;2750473.706;1262377.631
SG;Mels;2751040.09;1212287.469
AR;Speicher;2751139.526;1252647.595
SG;Tübach;2751163.168;1261016.936
GR;Rothenbrunnen;2751363.031;1182408.069
GR;Andeer;2751403.771;1160485.15
SG;Gams;2751543.811;1231214.326
TG;Horn;2751638.476;1261904.269
GR;Masein;2751717.671;1173515.767
AR;Trogen;2751734.536;1250758.204
GR;Muntogna da Schons;2751928.854;1166253.557
GR;Cazis;2751933.035;1178132.855
SG;Untereggen;2752190.253;1257730.873
SG;Grabs;2752338.727;1227693.189
GR;Domleschg;2752432.391;1184833.436
GR;Thusis;2752449.24;1172390.912
SG;Goldach;2752631.058;1260178.171
SG;Sevelen;2752910.58;1222181.174
AR;Gais;2752939;1248506.591
SG;Eggersriet;2753013.767;1255944.906
GR;Rongellen;2753051.229;1171062.8
GR;Domat/Ems;2753557.673;1187353.665
GR;Fürstenau;2753678.624;1176576.718
SG;Rorschach;2754068.144;1260173.716
GR;Felsberg;2754289.686;1191882.605
SG;Sargans;2754404.167;1214943.936
SG;Wartau;2754404.167;1214943.936
SG;Buchs (SG);2754443.238;1225804.46
SG;Bad Ragaz;2754685.088;1208302.991
SG;Vilters-Wangs;2754759.4;1210921.038
GR;Ferrera;2755256.595;1157771.576
GR;Zillis-Reischen;2755445.863;1167928.136
SG;Rorschacherberg;2755458.912;1259310.501
AR;Wald (AR);2755486.125;1253563.432
GR;Sils im Domleschg;2755504.493;1173047.199
SG;Altstätten;2755814.749;1250527.561
AR;Grub (AR);2755965.695;1256638.395
GR;Scharans;2756234.335;1175811.595
SG;Sennwald;2756269.948;1236684.02
AR;Rehetobel;2756514.194;1255630.572
GR;Fläsch;2756837.926;1211906.989
SG;Pfäfers;2758231.578;1205765.568
GR;Untervaz;2758340.856;1198794.267
AR;Heiden;2758382.695;1258081.728
SG;Oberriet (SG);2758636.228;1244693.206
SG;Eichberg;2758762.94;1246006.541
GR;Bregaglia;2758846.368;1140998.543
AI;Oberegg;2758891.605;1255501.464
AR;Wolfhalden;2758904.424;1258915.729
GR;Chur;2759666.064;1191898.364
GR;Churwalden;2759723.46;1182861.885
GR;Avers;2759859.099;1144649.189
SG;Marbach (SG);2759944.076;1251774.388
SG;Thal;2759962.029;1259084.173
GR;Vaz/Obervaz;2760274.493;1174105.555
AR;Reute (AR);2760400.518;1252381.255
GR;Landquart;2760774.431;1203549.449
AR;Lutzenberg;2761051.041;1258566.053
GR;Zizers;2761566.18;1200936.699
GR;Jenins;2761726.885;1208495.487
SG;Rheineck;2762014.474;1259549.916
SG;Rebstein;2762121.81;1253055.958
GR;Trimmis;2762178.659;1195397.478
GR;Maienfeld;2762450.142;1212294.601
GR;Malans;2763014.881;1206503.712
SG;Berneck;2763156.306;1253738.185
GR;Lantsch/Lenz;2763538.443;1174294.84
AR;Walzenhausen;2763555.034;1257177.727
SG;Balgach;2764139.444;1251570.141
SG;St. Margrethen;2764910.798;1258332.529
SG;Widnau;2765131.188;1251349.328
GR;Albula/Alvra;2765256.767;1172905.034
GR;Surses;2765961.056;1165875.908
SG;Au (SG);2765965.789;1255690.667
SG;Diepoldsau;2766762.688;1250114.612
GR;Grüsch;2767756.492;1203386.932
GR;Furna;2769238.125;1197999.313
GR;Arosa;2770813.96;1182490.393
GR;Schiers;2770878.839;1204625.872
GR;Schmitten (GR);2771251.644;1174706.949
GR;Jenaz;2772709.081;1196598.387
GR;Fideris;2775136.087;1195545.29
GR;Bever;2775987.751;1155882.331
GR;Luzein;2776982.444;1199241.911
GR;Silvaplana;2778409.971;1150018.275
GR;Conters im Prättigau;2778991.002;1195286.53
GR;Küblis;2779294.691;1199742.2
GR;Sils im Engadin/Segl;2779900.688;1145354.229
GR;Samedan;2784664.455;1156592.837
GR;St. Moritz;2786272.194;1152305.687
GR;Davos;2786344.478;1183486.285
GR;Celerina/Schlarigna;2786536.167;1153001.059
GR;Zuoz;2787505.517;1165190.177
GR;Pontresina;2788560.666;1151941.923
GR;Madulain;2791108.669;1162675.636
GR;La Punt Chamues-ch;2793371.748;1157265.239
GR;Klosters;2793572.925;1190413.949
GR;S-chanf;2797860.167;1163645.142
GR;Poschiavo;2799108.111;1135640.079
GR;Zernez;2806740.537;1171587.662
GR;Brusio;2806782.888;1128154.201
GR;Valsot;2813756.688;1198278.75
GR;Scuol;2820785.895;1179758.872
GR;Samnaun;2825730.708;1205767.04
